0.0,0.0,1.0,0.0,0.0,0.0,0.0,0.0,0.0,0.859223,0.645631,0.589806,0.711165,0.808252,0.759709,0.808252,818.0
0.0,0.0,0.0,1.0,0.0,0.0,0.0,0.0,0.0,0.859223,0.859223,0.645631,0.589806,0.711165,0.808252,0.759709,803.0
0.0,0.0,0.0,0.0,1.0,0.0,0.0,0.0,0.0,0.822816,0.859223,0.859223,0.645631,0.589806,0.711165,0.808252,804.0
0.0,0.0,0.0,0.0,0.0,1.0,0.0,0.0,0.0,0.825243,0.822816,0.859223,0.859223,0.645631,0.589806,0.711165,746.0
0.0,0.0,0.0,0.0,0.0,0.0,0.0,0.0,0.0,0.684466,0.825243,0.822816,0.859223,0.859223,0.645631,0.589806,730.0
1.0,0.0,0.0,0.0,0.0,0.0,0.0,0.0,0.0,0.645631,0.684466,0.825243,0.822816,0.859223,0.859223,0.645631,799.0
0.0,1.0,0.0,0.0,0.0,0.0,0.0,0.0,0.0,0.813107,0.645631,0.684466,0.825243,0.822816,0.859223,0.859223,824.0
0.0,0.0,1.0,0.0,0.0,0.0,0.0,0.0,0.0,0.873786,0.813107,0.645631,0.684466,0.825243,0.822816,0.859223,805.0
0.0,0.0,0.0,1.0,0.0,0.0,0.0,0.0,0.0,0.82767,0.873786,0.813107,0.645631,0.684466,0.825243,0.822816,808.0
0.0,0.0,0.0,0.0,1.0,0.0,0.0,0.0,0.0,0.834951,0.82767,0.873786,0.813107,0.645631,0.684466,0.825243,806.0
0.0,0.0,0.0,0.0,0.0,1.0,0.0,0.0,0.0,0.830097,0.834951,0.82767,0.873786,0.813107,0.645631,0.684466,760.0
0.0,0.0,0.0,0.0,0.0,0.0,0.0,0.0,0.0,0.718447,0.830097,0.834951,0.82767,0.873786,0.813107,0.645631,730.0
1.0,0.0,0.0,0.0,0.0,0.0,0.0,0.0,0.0,0.645631,0.718447,0.830097,0.834951,0.82767,0.873786,0.813107,804.0
0.0,1.0,0.0,0.0,0.0,0.0,0.0,0.0,0.0,0.825243,0.645631,0.718447,0.830097,0.834951,0.82767,0.873786,773.0
0.0,0.0,1.0,0.0,0.0,0.0,0.0,0.0,0.0,0.75,0.825243,0.645631,0.718447,0.830097,0.834951,0.82767,776.0
0.0,0.0,0.0,1.0,0.0,0.0,0.0,0.0,0.0,0.757282,0.75,0.825243,0.645631,0.718447,0.830097,0.834951,814.0
0.0,0.0,0.0,0.0,1.0,0.0,0.0,0.0,0.0,0.849515,0.757282,0.75,0.825243,0.645631,0.718447,0.830097,780.0
0.0,0.0,0.0,0.0,0.0,1.0,0.0,0.0,0.0,0.76699,0.849515,0.757282,0.75,0.825243,0.645631,0.718447,737.0
0.0,0.0,0.0,0.0,0.0,0.0,0.0,0.0,0.0,0.662621,0.76699,0.849515,0.757282,0.75,0.825243,0.645631,713.0
1.0,0.0,0.0,0.0,0.0,0.0,0.0,0.0,0.0,0.604369,0.662621,0.76699,0.849515,0.757282,0.75,0.825243,790.0
0.0,1.0,0.0,0.0,0.0,0.0,0.0,0.0,0.0,0.791262,0.604369,0.662621,0.76699,0.849515,0.757282,0.75,814.0
0.0,0.0,1.0,0.0,0.0,0.0,0.0,0.0,0.0,0.849515,0.791262,0.604369,0.662621,0.76699,0.849515,0.757282,788.0
0.0,0.0,0.0,1.0,0.0,0.0,0.0,0.0,0.0,0.786408,0.849515,0.791262,0.604369,0.662621,0.76699,0.849515,797.0
0.0,0.0,0.0,0.0,1.0,0.0,0.0,0.0,0.0,0.808252,0.786408,0.849515,0.791262,0.604369,0.662621,0.76699,799.0
0.0,0.0,0.0,0.0,0.0,1.0,0.0,0.0,0.0,0.813107,0.808252,0.786408,0.849515,0.791262,0.604369,0.662621,750.0
0.0,0.0,0.0,0.0,0.0,0.0,0.0,0.0,0.0,0.694175,0.813107,0.808252,0.786408,0.849515,0.791262,0.604369,738.0
1.0,0.0,0.0,0.0,0.0,0.0,0.0,0.0,0.0,0.665049,0.694175,0.813107,0.808252,0.786408,0.849515,0.791262,790.0
0.0,1.0,0.0,0.0,0.0,0.0,0.0,0.0,0.0,0.791262,0.665049,0.694175,0.813107,0.808252,0.786408,0.849515,799.0
0.0,0.0,1.0,0.0,0.0,0.0,0.0,0.0,0.0,0.813107,0.791262,0.665049,0.694175,0.813107,0.808252,0.786408,814.0
0.0,0.0,0.0,1.0,0.0,0.0,0.0,0.0,0.0,0.849515,0.813107,0.791262,0.665049,0.694175,0.813107,0.808252,801.0
0.0,0.0,0.0,0.0,1.0,0.0,0.0,0.0,0.0,0.817961,0.849515,0.813107,0.791262,0.665049,0.694175,0.813107,774.0
0.0,0.0,0.0,0.0,0.0,1.0,0.0,0.0,0.0,0.752427,0.817961,0.849515,0.813107,0.791262,0.665049,0.694175,741.0
0.0,0.0,0.0,0.0,0.0,0.0,0.0,0.0,0.0,0.67233,0.752427,0.817961,0.849515,0.813107,0.791262,0.665049,724.0
1.0,0.0,0.0,0.0,0.0,0.0,0.0,0.0,0.0,0.631068,0.67233,0.752427,0.817961,0.849515,0.813107,0.791262,799.0
0.0,1.0,0.0,0.0,0.0,0.0,0.0,0.0,0.0,0.813107,0.631068,0.67233,0.752427,0.817961,0.849515,0.813107,795.0
0.0,0.0,1.0,0.0,0.0,0.0,0.0,0.0,0.0,0.803398,0.813107,0.631068,0.67233,0.752427,0.817961,0.849515,792.0
0.0,0.0,0.0,1.0,0.0,0.0,0.0,0.0,0.0,0.796117,0.803398,0.813107,0.631068,0.67233,0.752427,0.817961,773.0
0.0,0.0,0.0,0.0,1.0,0.0,0.0,0.0,0.0,0.75,0.796117,0.803398,0.813107,0.631068,0.67233,0.752427,761.0
0.0,0.0,0.0,0.0,0.0,1.0,0.0,0.0,0.0,0.720874,0.75,0.796117,0.803398,0.813107,0.631068,0.67233,737.0
0.0,0.0,0.0,0.0,0.0,0.0,0.0,0.0,0.0,0.662621,0.720874,0.75,0.796117,0.803398,0.813107,0.631068,698.0
1.0,0.0,0.0,0.0,0.0,0.0,0.0,0.0,0.0,0.567961,0.662621,0.720874,0.75,0.796117,0.803398,0.813107,754.0
0.0,1.0,0.0,0.0,0.0,0.0,0.0,0.0,0.0,0.703883,0.567961,0.662621,0.720874,0.75,0.796117,0.803398,813.0
0.0,0.0,1.0,0.0,0.0,0.0,0.0,0.0,0.0,0.847087,0.703883,0.567961,0.662621,0.720874,0.75,0.796117,792.0
0.0,0.0,0.0,1.0,0.0,0.0,0.0,0.0,0.0,0.796117,0.847087,0.703883,0.567961,0.662621,0.720874,0.75,775.0
0.0,0.0,0.0,0.0,1.0,0.0,0.0,0.0,0.0,0.754854,0.796117,0.847087,0.703883,0.567961,0.662621,0.720874,773.0
0.0,0.0,0.0,0.0,0.0,1.0,0.0,0.0,0.0,0.75,0.754854,0.796117,0.847087,0.703883,0.567961,0.662621,726.0
0.0,0.0,0.0,0.0,0.0,0.0,0.0,0.0,0.0,0.635922,0.75,0.754854,0.796117,0.847087,0.703883,0.567961,685.0
1.0,0.0,0.0,0.0,0.0,0.0,0.0,0.0,0.0,0.536408,0.635922,0.75,0.754854,0.796117,0.847087,0.703883,765.0
0.0,1.0,0.0,0.0,0.0,0.0,0.0,0.0,0.0,0.730583,0.536408,0.635922,0.75,0.754854,0.796117,0.847087,770.0
0.0,0.0,1.0,0.0,0.0,0.0,0.0,0.0,0.0,0.742718,0.730583,0.536408,0.635922,0.75,0.754854,0.796117,770.0
0.0,0.0,0.0,1.0,0.0,0.0,0.0,0.0,0.0,0.742718,0.742718,0.730583,0.536408,0.635922,0.75,0.754854,746.0
0.0,0.0,0.0,0.0,1.0,0.0,0.0,0.0,0.0,0.684466,0.742718,0.742718,0.730583,0.536408,0.635922,0.75,737.0
0.0,0.0,0.0,0.0,0.0,1.0,0.0,0.0,0.0,0.662621,0.684466,0.742718,0.742718,0.730583,0.536408,0.635922,698.0
0.0,0.0,0.0,0.0,0.0,0.0,0.0,0.0,0.0,0.567961,0.662621,0.684466,0.742718,0.742718,0.730583,0.536408,663.0
1.0,0.0,0.0,0.0,0.0,0.0,0.0,0.0,0.0,0.48301,0.567961,0.662621,0.684466,0.742718,0.742718,0.730583,767.0
0.0,1.0,0.0,0.0,0.0,0.0,0.0,0.0,0.0,0.735437,0.48301,0.567961,0.662621,0.684466,0.742718,0.742718,736.0
0.0,0.0,1.0,0.0,0.0,0.0,0.0,0.0,0.0,0.660194,0.735437,0.48301,0.567961,0.662621,0.684466,0.742718,739.0
0.0,0.0,0.0,1.0,0.0,0.0,0.0,0.0,0.0,0.667476,0.660194,0.735437,0.48301,0.567961,0.662621,0.684466,749.0
0.0,0.0,0.0,0.0,1.0,0.0,0.0,0.0,0.0,0.691748,0.667476,0.660194,0.735437,0.48301,0.567961,0.662621,745.0
0.0,0.0,0.0,0.0,0.0,1.0,0.0,0.0,0.0,0.682039,0.691748,0.667476,0.660194,0.735437,0.48301,0.567961,680.0
0.0,0.0,0.0,0.0,0.0,0.0,0.0,0.0,0.0,0.524272,0.682039,0.691748,0.667476,0.660194,0.735437,0.48301,645.0
1.0,0.0,0.0,0.0,0.0,0.0,0.0,0.0,0.0,0.43932,0.524272,0.682039,0.691748,0.667476,0.660194,0.735437,746.0
0.0,1.0,0.0,0.0,0.0,0.0,0.0,0.0,0.0,0.684466,0.43932,0.524272,0.682039,0.691748,0.667476,0.660194,725.0
0.0,0.0,1.0,0.0,0.0,0.0,0.0,0.0,0.0,0.633495,0.684466,0.43932,0.524272,0.682039,0.691748,0.667476,714.0
0.0,0.0,0.0,1.0,0.0,0.0,0.0,0.0,0.0,0.606796,0.633495,0.684466,0.43932,0.524272,0.682039,0.691748,712.0
0.0,0.0,0.0,0.0,1.0,0.0,0.0,0.0,0.0,0.601942,0.606796,0.633495,0.684466,0.43932,0.524272,0.682039,714.0
0.0,0.0,0.0,0.0,0.0,1.0,0.0,0.0,0.0,0.606796,0.601942,0.606796,0.633495,0.684466,0.43932,0.524272,708.0
0.0,0.0,0.0,0.0,0.0,0.0,0.0,0.0,0.0,0.592233,0.606796,0.601942,0.606796,0.633495,0.684466,0.43932,652.0
1.0,0.0,0.0,0.0,0.0,0.0,0.0,0.0,0.0,0.456311,0.592233,0.606796,0.601942,0.606796,0.633495,0.684466,750.0
0.0,1.0,0.0,0.0,0.0,0.0,0.0,0.0,0.0,0.694175,0.456311,0.592233,0.606796,0.601942,0.606796,0.633495,741.0
0.0,0.0,1.0,0.0,0.0,0.0,0.0,0.0,0.0,0.67233,0.694175,0.456311,0.592233,0.606796,0.601942,0.606796,743.0
0.0,0.0,0.0,1.0,0.0,0.0,0.0,0.0,0.0,0.677184,0.67233,0.694175,0.456311,0.592233,0.606796,0.601942,778.0
0.0,0.0,0.0,0.0,1.0,0.0,0.0,0.0,0.0,0.762136,0.677184,0.67233,0.694175,0.456311,0.592233,0.606796,732.0
0.0,0.0,0.0,0.0,0.0,1.0,0.0,0.0,0.0,0.650485,0.762136,0.677184,0.67233,0.694175,0.456311,0.592233,747.0
0.0,0.0,0.0,0.0,0.0,0.0,0.0,0.0,0.0,0.686893,0.650485,0.762136,0.677184,0.67233,0.694175,0.456311,692.0
1.0,0.0,0.0,0.0,0.0,0.0,0.0,0.0,0.0,0.553398,0.686893,0.650485,0.762136,0.677184,0.67233,0.694175,754.0
0.0,1.0,0.0,0.0,0.0,0.0,0.0,0.0,0.0,0.703883,0.553398,0.686893,0.650485,0.762136,0.677184,0.67233,735.0
0.0,0.0,1.0,0.0,0.0,0.0,0.0,0.0,0.0,0.657767,0.703883,0.553398,0.686893,0.650485,0.762136,0.677184,745.0
0.0,0.0,0.0,1.0,0.0,0.0,0.0,0.0,0.0,0.682039,0.657767,0.703883,0.553398,0.686893,0.650485,0.762136,769.0
0.0,0.0,0.0,0.0,1.0,0.0,0.0,1.0,0.0,0.740291,0.682039,0.657767,0.703883,0.553398,0.686893,0.650485,687.0
0.0,0.0,0.0,0.0,0.0,1.0,0.0,0.0,0.0,0.541262,0.740291,0.682039,0.657767,0.703883,0.553398,0.686893,715.0
0.0,0.0,0.0,0.0,0.0,0.0,0.0,1.0,0.0,0.609223,0.541262,0.740291,0.682039,0.657767,0.703883,0.553398,645.0
1.0,0.0,0.0,0.0,0.0,0.0,0.0,1.0,0.0,0.43932,0.609223,0.541262,0.740291,0.682039,0.657767,0.703883,625.0
0.0,0.0,1.0,0.0,0.0,0.0,0.0,0.0,0.0,0.541262,0.512136,0.385922,0.570388,0.529126,0.567961,0.621359,698.0
0.0,0.0,0.0,1.0,0.0,0.0,0.0,0.0,0.0,0.567961,0.541262,0.512136,0.385922,0.570388,0.529126,0.567961,678.0
0.0,0.0,0.0,0.0,1.0,0.0,0.0,0.0,0.0,0.519417,0.567961,0.541262,0.512136,0.385922,0.570388,0.529126,655.0
0.0,0.0,0.0,0.0,0.0,1.0,0.0,0.0,0.0,0.463592,0.519417,0.567961,0.541262,0.512136,0.385922,0.570388,655.0
0.0,0.0,0.0,0.0,0.0,0.0,0.0,0.0,0.0,0.463592,0.463592,0.519417,0.567961,0.541262,0.512136,0.385922,632.0
1.0,0.0,0.0,0.0,0.0,0.0,0.0,0.0,0.0,0.407767,0.463592,0.463592,0.519417,0.567961,0.541262,0.512136,708.0
0.0,1.0,0.0,0.0,0.0,0.0,0.0,0.0,0.0,0.592233,0.407767,0.463592,0.463592,0.519417,0.567961,0.541262,704.0
0.0,0.0,1.0,0.0,0.0,0.0,0.0,0.0,0.0,0.582524,0.592233,0.407767,0.463592,0.463592,0.519417,0.567961,718.0
0.0,0.0,0.0,1.0,0.0,0.0,0.0,0.0,0.0,0.616505,0.582524,0.592233,0.407767,0.463592,0.463592,0.519417,741.0
0.0,0.0,0.0,0.0,1.0,0.0,0.0,0.0,0.0,0.67233,0.616505,0.582524,0.592233,0.407767,0.463592,0.463592,716.0
0.0,0.0,0.0,0.0,0.0,1.0,0.0,0.0,0.0,0.61165,0.67233,0.616505,0.582524,0.592233,0.407767,0.463592,703.0
0.0,0.0,0.0,0.0,0.0,0.0,0.0,0.0,0.0,0.580097,0.61165,0.67233,0.616505,0.582524,0.592233,0.407767,625.0
1.0,0.0,0.0,0.0,0.0,0.0,0.0,0.0,0.0,0.390777,0.580097,0.61165,0.67233,0.616505,0.582524,0.592233,686.0
0.0,1.0,0.0,0.0,0.0,0.0,0.0,0.0,0.0,0.538835,0.390777,0.580097,0.61165,0.67233,0.616505,0.582524,717.0
0.0,0.0,1.0,0.0,0.0,0.0,0.0,0.0,0.0,0.614078,0.538835,0.390777,0.580097,0.61165,0.67233,0.616505,725.0
0.0,0.0,0.0,1.0,0.0,0.0,0.0,0.0,0.0,0.633495,0.614078,0.538835,0.390777,0.580097,0.61165,0.67233,725.0
0.0,0.0,0.0,0.0,1.0,0.0,0.0,0.0,0.0,0.633495,0.633495,0.614078,0.538835,0.390777,0.580097,0.61165,726.0
0.0,0.0,0.0,0.0,0.0,1.0,0.0,0.0,0.0,0.635922,0.633495,0.633495,0.614078,0.538835,0.390777,0.580097,715.0
0.0,0.0,0.0,0.0,0.0,0.0,0.0,0.0,0.0,0.609223,0.635922,0.633495,0.633495,0.614078,0.538835,0.390777,676.0
1.0,0.0,0.0,0.0,0.0,0.0,0.0,0.0,0.0,0.514563,0.609223,0.635922,0.633495,0.633495,0.614078,0.538835,782.0
0.0,1.0,0.0,0.0,0.0,0.0,0.0,0.0,0.0,0.771845,0.514563,0.609223,0.635922,0.633495,0.633495,0.614078,777.0
0.0,0.0,1.0,0.0,0.0,0.0,0.0,0.0,0.0,0.759709,0.771845,0.514563,0.609223,0.635922,0.633495,0.633495,777.0
0.0,0.0,0.0,1.0,0.0,0.0,0.0,0.0,0.0,0.759709,0.759709,0.771845,0.514563,0.609223,0.635922,0.633495,789.0
0.0,0.0,0.0,0.0,1.0,0.0,0.0,0.0,0.0,0.788835,0.759709,0.759709,0.771845,0.514563,0.609223,0.635922,784.0
0.0,0.0,0.0,0.0,0.0,1.0,0.0,1.0,0.0,0.776699,0.788835,0.759709,0.759709,0.771845,0.514563,0.609223,709.0
0.0,0.0,0.0,0.0,0.0,0.0,0.0,0.0,0.0,0.59466,0.776699,0.788835,0.759709,0.759709,0.771845,0.514563,688.0
1.0,0.0,0.0,0.0,0.0,0.0,0.0,0.0,0.0,0.543689,0.59466,0.776699,0.788835,0.759709,0.759709,0.771845,799.0
0.0,1.0,0.0,0.0,0.0,0.0,0.0,0.0,0.0,0.813107,0.543689,0.59466,0.776699,0.788835,0.759709,0.759709,778.0
0.0,0.0,1.0,0.0,0.0,0.0,0.0,0.0,0.0,0.762136,0.813107,0.543689,0.59466,0.776699,0.788835,0.759709,766.0
0.0,0.0,0.0,1.0,0.0,0.0,0.0,0.0,0.0,0.73301,0.762136,0.813107,0.543689,0.59466,0.776699,0.788835,799.0
0.0,0.0,0.0,0.0,1.0,0.0,0.0,0.0,0.0,0.813107,0.73301,0.762136,0.813107,0.543689,0.59466,0.776699,781.0
0.0,0.0,0.0,0.0,0.0,1.0,0.0,0.0,0.0,0.769417,0.813107,0.73301,0.762136,0.813107,0.543689,0.59466,719.0
0.0,0.0,0.0,0.0,0.0,0.0,0.0,0.0,0.0,0.618932,0.769417,0.813107,0.73301,0.762136,0.813107,0.543689,654.0
1.0,0.0,0.0,0.0,0.0,0.0,0.0,0.0,0.0,0.461165,0.618932,0.769417,0.813107,0.73301,0.762136,0.813107,735.0
0.0,1.0,0.0,0.0,0.0,0.0,0.0,0.0,0.0,0.657767,0.461165,0.618932,0.769417,0.813107,0.73301,0.762136,741.0
0.0,0.0,1.0,0.0,0.0,0.0,0.0,0.0,0.0,0.67233,0.657767,0.461165,0.618932,0.769417,0.813107,0.73301,739.0
0.0,0.0,0.0,1.0,0.0,0.0,0.0,0.0,0.0,0.667476,0.67233,0.657767,0.461165,0.618932,0.769417,0.813107,746.0
0.0,0.0,0.0,0.0,1.0,0.0,0.0,0.0,0.0,0.684466,0.667476,0.67233,0.657767,0.461165,0.618932,0.769417,747.0
0.0,0.0,0.0,0.0,0.0,1.0,0.0,0.0,0.0,0.686893,0.684466,0.667476,0.67233,0.657767,0.461165,0.618932,714.0
0.0,0.0,0.0,0.0,0.0,0.0,0.0,0.0,0.0,0.606796,0.686893,0.684466,0.667476,0.67233,0.657767,0.461165,679.0
1.0,0.0,0.0,0.0,0.0,0.0,0.0,0.0,0.0,0.521845,0.606796,0.686893,0.684466,0.667476,0.67233,0.657767,787.0
0.0,1.0,0.0,0.0,0.0,0.0,0.0,0.0,0.0,0.783981,0.521845,0.606796,0.686893,0.684466,0.667476,0.67233,800.0
0.0,0.0,1.0,0.0,0.0,0.0,0.0,0.0,0.0,0.815534,0.783981,0.521845,0.606796,0.686893,0.684466,0.667476,817.0
0.0,0.0,0.0,1.0,0.0,0.0,0.0,0.0,0.0,0.856796,0.815534,0.783981,0.521845,0.606796,0.686893,0.684466,797.0
0.0,0.0,0.0,0.0,1.0,0.0,0.0,0.0,0.0,0.808252,0.856796,0.815534,0.783981,0.521845,0.606796,0.686893,776.0
0.0,0.0,0.0,0.0,0.0,1.0,0.0,0.0,0.0,0.757282,0.808252,0.856796,0.815534,0.783981,0.521845,0.606796,748.0
0.0,0.0,0.0,0.0,0.0,0.0,0.0,0.0,0.0,0.68932,0.757282,0.808252,0.856796,0.815534,0.783981,0.521845,702.0
1.0,0.0,0.0,0.0,0.0,0.0,0.0,0.0,0.0,0.57767,0.68932,0.757282,0.808252,0.856796,0.815534,0.783981,817.0
0.0,1.0,0.0,0.0,0.0,0.0,0.0,0.0,0.0,0.856796,0.57767,0.68932,0.757282,0.808252,0.856796,0.815534,876.0
0.0,0.0,1.0,0.0,0.0,0.0,0.0,0.0,0.0,1.0,0.856796,0.57767,0.68932,0.757282,0.808252,0.856796,812.0
0.0,0.0,0.0,1.0,0.0,0.0,0.0,0.0,0.0,0.84466,1.0,0.856796,0.57767,0.68932,0.757282,0.808252,784.0
0.0,0.0,0.0,0.0,1.0,0.0,0.0,0.0,0.0,0.776699,0.84466,1.0,0.856796,0.57767,0.68932,0.757282,778.0
0.0,0.0,0.0,0.0,0.0,1.0,0.0,0.0,0.0,0.762136,0.776699,0.84466,1.0,0.856796,0.57767,0.68932,775.0
0.0,0.0,0.0,0.0,0.0,0.0,0.0,0.0,0.0,0.754854,0.762136,0.776699,0.84466,1.0,0.856796,0.57767,693.0
1.0,0.0,0.0,0.0,0.0,0.0,0.0,0.0,0.0,0.555825,0.754854,0.762136,0.776699,0.84466,1.0,0.856796,768.0
0.0,1.0,0.0,0.0,0.0,0.0,0.0,0.0,0.0,0.737864,0.555825,0.754854,0.762136,0.776699,0.84466,1.0,770.0
0.0,0.0,1.0,0.0,0.0,0.0,0.0,0.0,0.0,0.742718,0.737864,0.555825,0.754854,0.762136,0.776699,0.84466,771.0
0.0,0.0,0.0,1.0,0.0,0.0,0.0,0.0,0.0,0.745146,0.742718,0.737864,0.555825,0.754854,0.762136,0.776699,782.0
0.0,0.0,0.0,0.0,1.0,0.0,0.0,0.0,0.0,0.771845,0.745146,0.742718,0.737864,0.555825,0.754854,0.762136,776.0
0.0,0.0,0.0,0.0,0.0,1.0,0.0,0.0,0.0,0.757282,0.771845,0.745146,0.742718,0.737864,0.555825,0.754854,730.0
0.0,0.0,0.0,0.0,0.0,0.0,0.0,0.0,0.0,0.645631,0.757282,0.771845,0.745146,0.742718,0.737864,0.555825,713.0
1.0,0.0,0.0,0.0,0.0,0.0,0.0,0.0,0.0,0.604369,0.645631,0.757282,0.771845,0.745146,0.742718,0.737864,818.0
0.0,1.0,0.0,0.0,0.0,0.0,0.0,0.0,0.0,0.859223,0.604369,0.645631,0.757282,0.771845,0.745146,0.742718,831.0
0.0,0.0,1.0,0.0,0.0,0.0,0.0,0.0,0.0,0.890777,0.859223,0.604369,0.645631,0.757282,0.771845,0.745146,830.0
0.0,0.0,0.0,1.0,0.0,0.0,0.0,0.0,0.0,0.88835,0.890777,0.859223,0.604369,0.645631,0.757282,0.771845,820.0
0.0,0.0,0.0,0.0,1.0,0.0,0.0,0.0,0.0,0.864078,0.88835,0.890777,0.859223,0.604369,0.645631,0.757282,790.0
0.0,0.0,0.0,0.0,0.0,1.0,0.0,0.0,0.0,0.791262,0.864078,0.88835,0.890777,0.859223,0.604369,0.645631,761.0
0.0,0.0,0.0,0.0,0.0,0.0,0.0,0.0,0.0,0.720874,0.791262,0.864078,0.88835,0.890777,0.859223,0.604369,711.0
1.0,0.0,0.0,0.0,0.0,0.0,0.0,0.0,0.0,0.599515,0.720874,0.791262,0.864078,0.88835,0.890777,0.859223,825.0
0.0,1.0,0.0,0.0,0.0,0.0,0.0,0.0,0.0,0.876214,0.599515,0.720874,0.791262,0.864078,0.88835,0.890777,836.0
0.0,0.0,1.0,0.0,0.0,0.0,0.0,0.0,0.0,0.902913,0.876214,0.599515,0.720874,0.791262,0.864078,0.88835,819.0
0.0,0.0,0.0,1.0,0.0,0.0,0.0,0.0,0.0,0.86165,0.902913,0.876214,0.599515,0.720874,0.791262,0.864078,816.0
0.0,0.0,0.0,0.0,1.0,0.0,0.0,0.0,0.0,0.854369,0.86165,0.902913,0.876214,0.599515,0.720874,0.791262,851.0
0.0,0.0,0.0,0.0,0.0,1.0,0.0,0.0,0.0,0.93932,0.854369,0.86165,0.902913,0.876214,0.599515,0.720874,768.0
0.0,0.0,0.0,0.0,0.0,0.0,0.0,0.0,0.0,0.737864,0.93932,0.854369,0.86165,0.902913,0.876214,0.599515,732.0
1.0,0.0,0.0,0.0,0.0,0.0,0.0,0.0,0.0,0.650485,0.737864,0.93932,0.854369,0.86165,0.902913,0.876214,791.0
0.0,1.0,0.0,0.0,0.0,0.0,0.0,0.0,0.0,0.793689,0.650485,0.737864,0.93932,0.854369,0.86165,0.902913,757.0
0.0,0.0,1.0,0.0,0.0,0.0,0.0,1.0,0.0,0.711165,0.793689,0.650485,0.737864,0.93932,0.854369,0.86165,702.0
0.0,0.0,0.0,1.0,0.0,0.0,0.0,1.0,0.0,0.57767,0.711165,0.793689,0.650485,0.737864,0.93932,0.854369,642.0
0.0,0.0,0.0,0.0,1.0,0.0,0.0,1.0,0.0,0.432039,0.57767,0.711165,0.793689,0.650485,0.737864,0.93932,612.0
0.0,0.0,0.0,0.0,0.0,1.0,0.0,0.0,0.0,0.359223,0.432039,0.57767,0.711165,0.793689,0.650485,0.737864,646.0
0.0,0.0,0.0,0.0,0.0,0.0,0.0,0.0,0.0,0.441748,0.359223,0.432039,0.57767,0.711165,0.793689,0.650485,661.0
1.0,0.0,0.0,0.0,0.0,0.0,0.0,0.0,0.0,0.478155,0.441748,0.359223,0.432039,0.57767,0.711165,0.793689,745.0
0.0,1.0,0.0,0.0,0.0,0.0,0.0,0.0,0.0,0.682039,0.478155,0.441748,0.359223,0.432039,0.57767,0.711165,738.0
0.0,0.0,1.0,0.0,0.0,0.0,0.0,0.0,0.0,0.665049,0.682039,0.478155,0.441748,0.359223,0.432039,0.57767,726.0
0.0,0.0,0.0,1.0,0.0,0.0,0.0,0.0,0.0,0.745146,0.599515,0.631068,0.519417,0.616505,0.626214,0.665049,764.0
0.0,0.0,0.0,0.0,1.0,0.0,0.0,0.0,0.0,0.728155,0.745146,0.599515,0.631068,0.519417,0.616505,0.626214,766.0
0.0,0.0,0.0,0.0,0.0,1.0,0.0,0.0,0.0,0.73301,0.728155,0.745146,0.599515,0.631068,0.519417,0.616505,731.0
0.0,0.0,0.0,0.0,0.0,0.0,0.0,0.0,0.0,0.648058,0.73301,0.728155,0.745146,0.599515,0.631068,0.519417,702.0
1.0,0.0,0.0,0.0,0.0,0.0,0.0,0.0,0.0,0.57767,0.648058,0.73301,0.728155,0.745146,0.599515,0.631068,762.0
0.0,1.0,0.0,0.0,0.0,0.0,0.0,0.0,0.0,0.723301,0.57767,0.648058,0.73301,0.728155,0.745146,0.599515,775.0
0.0,0.0,1.0,0.0,0.0,0.0,0.0,0.0,0.0,0.754854,0.723301,0.57767,0.648058,0.73301,0.728155,0.745146,773.0
0.0,0.0,0.0,1.0,0.0,0.0,0.0,0.0,0.0,0.75,0.754854,0.723301,0.57767,0.648058,0.73301,0.728155,771.0
0.0,0.0,0.0,0.0,1.0,0.0,0.0,0.0,0.0,0.745146,0.75,0.754854,0.723301,0.57767,0.648058,0.73301,777.0
0.0,0.0,0.0,0.0,0.0,1.0,0.0,0.0,0.0,0.759709,0.745146,0.75,0.754854,0.723301,0.57767,0.648058,730.0
0.0,0.0,0.0,0.0,0.0,0.0,0.0,0.0,0.0,0.645631,0.759709,0.745146,0.75,0.754854,0.723301,0.57767,682.0
1.0,0.0,0.0,0.0,0.0,0.0,0.0,0.0,0.0,0.529126,0.645631,0.759709,0.745146,0.75,0.754854,0.723301,775.0
0.0,1.0,0.0,0.0,0.0,0.0,0.0,0.0,0.0,0.754854,0.529126,0.645631,0.759709,0.745146,0.75,0.754854,780.0
0.0,0.0,1.0,0.0,0.0,0.0,0.0,0.0,0.0,0.76699,0.754854,0.529126,0.645631,0.759709,0.745146,0.75,794.0
0.0,0.0,0.0,1.0,0.0,0.0,0.0,0.0,0.0,0.800971,0.76699,0.754854,0.529126,0.645631,0.759709,0.745146,794.0
0.0,0.0,0.0,0.0,1.0,0.0,0.0,0.0,0.0,0.800971,0.800971,0.76699,0.754854,0.529126,0.645631,0.759709,776.0
0.0,0.0,0.0,0.0,0.0,1.0,0.0,0.0,0.0,0.757282,0.800971,0.800971,0.76699,0.754854,0.529126,0.645631,750.0
0.0,0.0,0.0,0.0,0.0,0.0,0.0,0.0,0.0,0.694175,0.757282,0.800971,0.800971,0.76699,0.754854,0.529126,730.0
1.0,0.0,0.0,0.0,0.0,0.0,0.0,0.0,0.0,0.645631,0.694175,0.757282,0.800971,0.800971,0.76699,0.754854,803.0
0.0,1.0,0.0,0.0,0.0,0.0,0.0,0.0,0.0,0.822816,0.645631,0.694175,0.757282,0.800971,0.800971,0.76699,806.0
0.0,0.0,1.0,0.0,0.0,0.0,0.0,0.0,0.0,0.830097,0.822816,0.645631,0.694175,0.757282,0.800971,0.800971,831.0
0.0,0.0,0.0,1.0,0.0,0.0,0.0,0.0,0.0,0.890777,0.830097,0.822816,0.645631,0.694175,0.757282,0.800971,816.0
0.0,0.0,0.0,0.0,1.0,0.0,0.0,0.0,0.0,0.854369,0.890777,0.830097,0.822816,0.645631,0.694175,0.757282,809.0
0.0,0.0,0.0,0.0,0.0,1.0,0.0,0.0,0.0,0.837379,0.854369,0.890777,0.830097,0.822816,0.645631,0.694175,769.0
0.0,0.0,0.0,0.0,0.0,0.0,0.0,0.0,0.0,0.740291,0.837379,0.854369,0.890777,0.830097,0.822816,0.645631,731.0
1.0,0.0,0.0,0.0,0.0,0.0,0.0,0.0,0.0,0.648058,0.740291,0.837379,0.854369,0.890777,0.830097,0.822816,823.0
0.0,1.0,0.0,0.0,0.0,0.0,0.0,0.0,0.0,0.871359,0.648058,0.740291,0.837379,0.854369,0.890777,0.830097,827.0
0.0,0.0,1.0,0.0,0.0,0.0,0.0,0.0,0.0,0.881068,0.871359,0.648058,0.740291,0.837379,0.854369,0.890777,822.0
0.0,0.0,0.0,1.0,0.0,0.0,0.0,0.0,0.0,0.868932,0.881068,0.871359,0.648058,0.740291,0.837379,0.854369,810.0
0.0,0.0,0.0,0.0,1.0,0.0,0.0,0.0,0.0,0.839806,0.868932,0.881068,0.871359,0.648058,0.740291,0.837379,802.0
0.0,0.0,0.0,0.0,0.0,1.0,0.0,0.0,0.0,0.820388,0.839806,0.868932,0.881068,0.871359,0.648058,0.740291,756.0
0.0,0.0,0.0,0.0,0.0,0.0,0.0,0.0,0.0,0.708738,0.820388,0.839806,0.868932,0.881068,0.871359,0.648058,729.0
1.0,0.0,0.0,0.0,0.0,0.0,0.0,0.0,0.0,0.643204,0.708738,0.820388,0.839806,0.868932,0.881068,0.871359,800.0
0.0,1.0,0.0,0.0,0.0,0.0,0.0,0.0,0.0,0.815534,0.643204,0.708738,0.820388,0.839806,0.868932,0.881068,797.0
0.0,0.0,1.0,0.0,0.0,0.0,0.0,0.0,0.0,0.808252,0.815534,0.643204,0.708738,0.820388,0.839806,0.868932,783.0
0.0,0.0,0.0,1.0,0.0,0.0,0.0,0.0,0.0,0.774272,0.808252,0.815534,0.643204,0.708738,0.820388,0.839806,768.0
0.0,0.0,0.0,0.0,1.0,0.0,0.0,0.0,0.0,0.737864,0.774272,0.808252,0.815534,0.643204,0.708738,0.820388,782.0
0.0,0.0,0.0,0.0,0.0,1.0,0.0,0.0,0.0,0.771845,0.737864,0.774272,0.808252,0.815534,0.643204,0.708738,723.0
0.0,0.0,0.0,0.0,0.0,0.0,0.0,0.0,0.0,0.628641,0.771845,0.737864,0.774272,0.808252,0.815534,0.643204,687.0
1.0,0.0,0.0,0.0,0.0,0.0,0.0,0.0,0.0,0.541262,0.628641,0.771845,0.737864,0.774272,0.808252,0.815534,747.0
0.0,1.0,0.0,0.0,0.0,0.0,0.0,0.0,0.0,0.686893,0.541262,0.628641,0.771845,0.737864,0.774272,0.808252,770.0
0.0,0.0,1.0,0.0,0.0,0.0,0.0,0.0,0.0,0.742718,0.686893,0.541262,0.628641,0.771845,0.737864,0.774272,782.0
0.0,0.0,0.0,1.0,0.0,0.0,0.0,0.0,0.0,0.771845,0.742718,0.686893,0.541262,0.628641,0.771845,0.737864,791.0
0.0,0.0,0.0,0.0,1.0,0.0,0.0,0.0,0.0,0.793689,0.771845,0.742718,0.686893,0.541262,0.628641,0.771845,763.0
0.0,0.0,0.0,0.0,0.0,1.0,0.0,0.0,0.0,0.725728,0.793689,0.771845,0.742718,0.686893,0.541262,0.628641,746.0
0.0,0.0,0.0,0.0,0.0,0.0,0.0,0.0,0.0,0.684466,0.725728,0.793689,0.771845,0.742718,0.686893,0.541262,688.0
1.0,0.0,0.0,0.0,0.0,0.0,0.0,0.0,0.0,0.543689,0.684466,0.725728,0.793689,0.771845,0.742718,0.686893,760.0
0.0,1.0,0.0,0.0,0.0,0.0,0.0,0.0,0.0,0.718447,0.543689,0.684466,0.725728,0.793689,0.771845,0.742718,752.0
0.0,0.0,1.0,0.0,0.0,0.0,0.0,0.0,0.0,0.699029,0.718447,0.543689,0.684466,0.725728,0.793689,0.771845,755.0
0.0,0.0,0.0,1.0,0.0,0.0,0.0,0.0,0.0,0.706311,0.699029,0.718447,0.543689,0.684466,0.725728,0.793689,758.0
0.0,0.0,0.0,0.0,1.0,0.0,0.0,0.0,0.0,0.713592,0.706311,0.699029,0.718447,0.543689,0.684466,0.725728,749.0
0.0,0.0,0.0,0.0,0.0,1.0,0.0,0.0,0.0,0.691748,0.713592,0.706311,0.699029,0.718447,0.543689,0.684466,728.0
0.0,0.0,0.0,0.0,0.0,0.0,0.0,0.0,0.0,0.640777,0.691748,0.713592,0.706311,0.699029,0.718447,0.543689,668.0
1.0,0.0,0.0,0.0,0.0,0.0,0.0,0.0,0.0,0.495146,0.640777,0.691748,0.713592,0.706311,0.699029,0.718447,764.0
0.0,1.0,0.0,0.0,0.0,0.0,0.0,0.0,0.0,0.728155,0.495146,0.640777,0.691748,0.713592,0.706311,0.699029,721.0
0.0,0.0,1.0,0.0,0.0,0.0,0.0,0.0,0.0,0.623786,0.728155,0.495146,0.640777,0.691748,0.713592,0.706311,730.0
0.0,0.0,0.0,1.0,0.0,0.0,0.0,0.0,0.0,0.645631,0.623786,0.728155,0.495146,0.640777,0.691748,0.713592,765.0
0.0,0.0,0.0,0.0,1.0,0.0,0.0,0.0,0.0,0.730583,0.645631,0.623786,0.728155,0.495146,0.640777,0.691748,731.0
0.0,0.0,0.0,0.0,0.0,1.0,0.0,0.0,0.0,0.648058,0.730583,0.645631,0.623786,0.728155,0.495146,0.640777,716.0
0.0,0.0,0.0,0.0,0.0,0.0,0.0,0.0,0.0,0.61165,0.648058,0.730583,0.645631,0.623786,0.728155,0.495146,656.0
1.0,0.0,0.0,0.0,0.0,0.0,0.0,0.0,0.0,0.466019,0.61165,0.648058,0.730583,0.645631,0.623786,0.728155,775.0
0.0,1.0,0.0,0.0,0.0,0.0,0.0,0.0,0.0,0.754854,0.466019,0.61165,0.648058,0.730583,0.645631,0.623786,759.0
0.0,0.0,1.0,0.0,0.0,0.0,0.0,0.0,0.0,0.716019,0.754854,0.466019,0.61165,0.648058,0.730583,0.645631,784.0
0.0,0.0,0.0,1.0,0.0,0.0,0.0,0.0,0.0,0.776699,0.716019,0.754854,0.466019,0.61165,0.648058,0.730583,758.0
0.0,0.0,0.0,0.0,1.0,0.0,0.0,0.0,0.0,0.713592,0.776699,0.716019,0.754854,0.466019,0.61165,0.648058,762.0
0.0,0.0,0.0,0.0,0.0,1.0,0.0,0.0,0.0,0.723301,0.713592,0.776699,0.716019,0.754854,0.466019,0.61165,753.0
0.0,0.0,0.0,0.0,0.0,0.0,0.0,0.0,0.0,0.701456,0.723301,0.713592,0.776699,0.716019,0.754854,0.466019,692.0
1.0,0.0,0.0,0.0,0.0,0.0,0.0,0.0,0.0,0.553398,0.701456,0.723301,0.713592,0.776699,0.716019,0.754854,785.0
0.0,1.0,0.0,0.0,0.0,0.0,0.0,0.0,0.0,0.779126,0.553398,0.701456,0.723301,0.713592,0.776699,0.716019,774.0
0.0,0.0,1.0,0.0,0.0,0.0,0.0,0.0,0.0,0.752427,0.779126,0.553398,0.701456,0.723301,0.713592,0.776699,756.0
0.0,0.0,0.0,1.0,0.0,0.0,0.0,0.0,0.0,0.708738,0.752427,0.779126,0.553398,0.701456,0.723301,0.713592,762.0
0.0,0.0,0.0,0.0,1.0,0.0,0.0,0.0,0.0,0.723301,0.708738,0.752427,0.779126,0.553398,0.701456,0.723301,762.0
0.0,0.0,0.0,0.0,0.0,1.0,0.0,0.0,0.0,0.723301,0.723301,0.708738,0.752427,0.779126,0.553398,0.701456,737.0
0.0,0.0,0.0,0.0,0.0,0.0,0.0,0.0,0.0,0.662621,0.723301,0.723301,0.708738,0.752427,0.779126,0.553398,707.0
1.0,0.0,0.0,0.0,0.0,0.0,0.0,0.0,0.0,0.589806,0.662621,0.723301,0.723301,0.708738,0.752427,0.779126,758.0
0.0,1.0,0.0,0.0,0.0,0.0,0.0,0.0,0.0,0.713592,0.589806,0.662621,0.723301,0.723301,0.708738,0.752427,772.0
0.0,0.0,1.0,0.0,0.0,0.0,0.0,0.0,0.0,0.747573,0.713592,0.589806,0.662621,0.723301,0.723301,0.708738,767.0
0.0,0.0,0.0,1.0,0.0,0.0,0.0,0.0,0.0,0.735437,0.747573,0.713592,0.589806,0.662621,0.723301,0.723301,767.0
0.0,0.0,0.0,0.0,1.0,0.0,0.0,0.0,0.0,0.735437,0.735437,0.747573,0.713592,0.589806,0.662621,0.723301,740.0
0.0,0.0,0.0,0.0,0.0,1.0,0.0,0.0,0.0,0.669903,0.735437,0.735437,0.747573,0.713592,0.589806,0.662621,737.0
0.0,0.0,0.0,0.0,0.0,0.0,0.0,0.0,0.0,0.662621,0.669903,0.735437,0.735437,0.747573,0.713592,0.589806,676.0
1.0,0.0,0.0,0.0,0.0,0.0,0.0,0.0,0.0,0.514563,0.662621,0.669903,0.735437,0.735437,0.747573,0.713592,735.0
0.0,1.0,0.0,0.0,0.0,0.0,0.0,0.0,0.0,0.657767,0.514563,0.662621,0.669903,0.735437,0.735437,0.747573,721.0
0.0,0.0,0.0,1.0,0.0,0.0,0.0,0.0,0.0,0.51699,0.616505,0.575243,0.407767,0.490291,0.597087,0.48301,672.0
0.0,0.0,0.0,0.0,1.0,0.0,0.0,0.0,0.0,0.504854,0.51699,0.616505,0.575243,0.407767,0.490291,0.597087,686.0
0.0,0.0,0.0,0.0,0.0,1.0,0.0,0.0,0.0,0.538835,0.504854,0.51699,0.616505,0.575243,0.407767,0.490291,653.0
0.0,0.0,0.0,0.0,0.0,0.0,0.0,0.0,0.0,0.458738,0.538835,0.504854,0.51699,0.616505,0.575243,0.407767,619.0
1.0,0.0,0.0,0.0,0.0,0.0,0.0,0.0,0.0,0.376214,0.458738,0.538835,0.504854,0.51699,0.616505,0.575243,703.0
0.0,1.0,0.0,0.0,0.0,0.0,0.0,0.0,0.0,0.580097,0.376214,0.458738,0.538835,0.504854,0.51699,0.616505,701.0
0.0,0.0,1.0,0.0,0.0,0.0,0.0,0.0,0.0,0.575243,0.580097,0.376214,0.458738,0.538835,0.504854,0.51699,707.0
0.0,0.0,0.0,1.0,0.0,0.0,0.0,0.0,0.0,0.589806,0.575243,0.580097,0.376214,0.458738,0.538835,0.504854,711.0
0.0,0.0,0.0,0.0,1.0,0.0,0.0,0.0,0.0,0.599515,0.589806,0.575243,0.580097,0.376214,0.458738,0.538835,694.0
0.0,0.0,0.0,0.0,0.0,1.0,0.0,0.0,0.0,0.558252,0.599515,0.589806,0.575243,0.580097,0.376214,0.458738,677.0
0.0,0.0,0.0,0.0,0.0,0.0,0.0,0.0,0.0,0.51699,0.558252,0.599515,0.589806,0.575243,0.580097,0.376214,617.0
1.0,0.0,0.0,0.0,0.0,0.0,0.0,0.0,0.0,0.371359,0.51699,0.558252,0.599515,0.589806,0.575243,0.580097,736.0
0.0,1.0,0.0,0.0,0.0,0.0,0.0,0.0,0.0,0.660194,0.371359,0.51699,0.558252,0.599515,0.589806,0.575243,721.0
0.0,0.0,1.0,0.0,0.0,0.0,0.0,0.0,0.0,0.623786,0.660194,0.371359,0.51699,0.558252,0.599515,0.589806,724.0
0.0,0.0,0.0,1.0,0.0,0.0,0.0,0.0,0.0,0.631068,0.623786,0.660194,0.371359,0.51699,0.558252,0.599515,712.0
0.0,0.0,0.0,0.0,1.0,0.0,0.0,0.0,0.0,0.601942,0.631068,0.623786,0.660194,0.371359,0.51699,0.558252,739.0
0.0,0.0,0.0,0.0,0.0,1.0,0.0,0.0,0.0,0.667476,0.601942,0.631068,0.623786,0.660194,0.371359,0.51699,708.0
0.0,0.0,0.0,0.0,0.0,0.0,0.0,0.0,0.0,0.592233,0.667476,0.601942,0.631068,0.623786,0.660194,0.371359,686.0
1.0,0.0,0.0,0.0,0.0,0.0,0.0,0.0,0.0,0.538835,0.592233,0.667476,0.601942,0.631068,0.623786,0.660194,773.0
0.0,1.0,0.0,0.0,0.0,0.0,0.0,0.0,0.0,0.75,0.538835,0.592233,0.667476,0.601942,0.631068,0.623786,787.0
0.0,0.0,1.0,0.0,0.0,0.0,0.0,0.0,0.0,0.783981,0.75,0.538835,0.592233,0.667476,0.601942,0.631068,792.0
0.0,0.0,0.0,1.0,0.0,0.0,0.0,0.0,0.0,0.796117,0.783981,0.75,0.538835,0.592233,0.667476,0.601942,749.0
0.0,0.0,0.0,0.0,1.0,0.0,0.0,0.0,0.0,0.691748,0.796117,0.783981,0.75,0.538835,0.592233,0.667476,758.0
0.0,0.0,0.0,0.0,0.0,1.0,0.0,0.0,0.0,0.713592,0.691748,0.796117,0.783981,0.75,0.538835,0.592233,729.0
0.0,0.0,0.0,0.0,0.0,0.0,0.0,1.0,0.0,0.643204,0.713592,0.691748,0.796117,0.783981,0.75,0.538835,644.0
1.0,0.0,0.0,0.0,0.0,0.0,0.0,0.0,0.0,0.436893,0.643204,0.713592,0.691748,0.796117,0.783981,0.75,734.0
0.0,1.0,0.0,0.0,0.0,0.0,0.0,0.0,0.0,0.65534,0.436893,0.643204,0.713592,0.691748,0.796117,0.783981,782.0
0.0,0.0,1.0,0.0,0.0,0.0,0.0,0.0,0.0,0.771845,0.65534,0.436893,0.643204,0.713592,0.691748,0.796117,763.0
0.0,0.0,0.0,1.0,0.0,0.0,0.0,0.0,0.0,0.725728,0.771845,0.65534,0.436893,0.643204,0.713592,0.691748,778.0
0.0,0.0,0.0,0.0,1.0,0.0,0.0,0.0,0.0,0.762136,0.725728,0.771845,0.65534,0.436893,0.643204,0.713592,751.0
0.0,0.0,0.0,0.0,0.0,1.0,0.0,0.0,0.0,0.696602,0.762136,0.725728,0.771845,0.65534,0.436893,0.643204,727.0
0.0,0.0,0.0,0.0,0.0,0.0,0.0,0.0,0.0,0.63835,0.696602,0.762136,0.725728,0.771845,0.65534,0.436893,664.0
1.0,0.0,0.0,0.0,0.0,0.0,0.0,0.0,0.0,0.485437,0.63835,0.696602,0.762136,0.725728,0.771845,0.65534,791.0
0.0,1.0,0.0,0.0,0.0,0.0,0.0,0.0,0.0,0.793689,0.485437,0.63835,0.696602,0.762136,0.725728,0.771845,772.0
0.0,0.0,1.0,0.0,0.0,0.0,0.0,0.0,0.0,0.747573,0.793689,0.485437,0.63835,0.696602,0.762136,0.725728,769.0
0.0,0.0,0.0,1.0,0.0,0.0,0.0,0.0,0.0,0.740291,0.747573,0.793689,0.485437,0.63835,0.696602,0.762136,753.0
0.0,0.0,0.0,0.0,1.0,0.0,0.0,0.0,0.0,0.701456,0.740291,0.747573,0.793689,0.485437,0.63835,0.696602,787.0
0.0,0.0,0.0,0.0,0.0,1.0,0.0,0.0,0.0,0.783981,0.701456,0.740291,0.747573,0.793689,0.485437,0.63835,746.0
0.0,0.0,0.0,0.0,0.0,0.0,0.0,0.0,0.0,0.684466,0.783981,0.701456,0.740291,0.747573,0.793689,0.485437,681.0
1.0,0.0,0.0,0.0,0.0,0.0,0.0,0.0,0.0,0.526699,0.684466,0.783981,0.701456,0.740291,0.747573,0.793689,772.0
0.0,1.0,0.0,0.0,0.0,0.0,0.0,0.0,0.0,0.747573,0.526699,0.684466,0.783981,0.701456,0.740291,0.747573,786.0
0.0,0.0,1.0,0.0,0.0,0.0,0.0,0.0,0.0,0.781553,0.747573,0.526699,0.684466,0.783981,0.701456,0.740291,801.0
0.0,0.0,0.0,1.0,0.0,0.0,0.0,0.0,0.0,0.817961,0.781553,0.747573,0.526699,0.684466,0.783981,0.701456,776.0
0.0,0.0,0.0,0.0,1.0,0.0,0.0,0.0,0.0,0.757282,0.817961,0.781553,0.747573,0.526699,0.684466,0.783981,776.0
0.0,0.0,0.0,0.0,0.0,1.0,0.0,0.0,0.0,0.757282,0.757282,0.817961,0.781553,0.747573,0.526699,0.684466,765.0
0.0,0.0,0.0,0.0,0.0,0.0,0.0,0.0,0.0,0.730583,0.757282,0.757282,0.817961,0.781553,0.747573,0.526699,726.0
1.0,0.0,0.0,0.0,0.0,0.0,0.0,0.0,0.0,0.635922,0.730583,0.757282,0.757282,0.817961,0.781553,0.747573,794.0
0.0,1.0,0.0,0.0,0.0,0.0,0.0,0.0,0.0,0.800971,0.635922,0.730583,0.757282,0.757282,0.817961,0.781553,775.0
0.0,0.0,1.0,0.0,0.0,0.0,0.0,0.0,0.0,0.754854,0.800971,0.635922,0.730583,0.757282,0.757282,0.817961,786.0
0.0,0.0,0.0,1.0,0.0,0.0,0.0,0.0,0.0,0.781553,0.754854,0.800971,0.635922,0.730583,0.757282,0.757282,796.0
0.0,0.0,0.0,0.0,1.0,0.0,0.0,0.0,0.0,0.805825,0.781553,0.754854,0.800971,0.635922,0.730583,0.757282,800.0
0.0,0.0,0.0,0.0,0.0,1.0,0.0,0.0,0.0,0.815534,0.805825,0.781553,0.754854,0.800971,0.635922,0.730583,766.0
0.0,0.0,0.0,0.0,0.0,0.0,0.0,0.0,0.0,0.73301,0.815534,0.805825,0.781553,0.754854,0.800971,0.635922,711.0
1.0,0.0,0.0,0.0,0.0,0.0,0.0,0.0,0.0,0.599515,0.73301,0.815534,0.805825,0.781553,0.754854,0.800971,799.0
0.0,1.0,0.0,0.0,0.0,0.0,0.0,0.0,0.0,0.813107,0.599515,0.73301,0.815534,0.805825,0.781553,0.754854,829.0
0.0,0.0,1.0,0.0,0.0,0.0,0.0,0.0,0.0,0.885922,0.813107,0.599515,0.73301,0.815534,0.805825,0.781553,830.0
0.0,0.0,0.0,1.0,0.0,0.0,0.0,0.0,0.0,0.88835,0.885922,0.813107,0.599515,0.73301,0.815534,0.805825,825.0
0.0,0.0,0.0,0.0,1.0,0.0,0.0,0.0,0.0,0.876214,0.88835,0.885922,0.813107,0.599515,0.73301,0.815534,832.0
0.0,0.0,0.0,0.0,0.0,1.0,0.0,0.0,0.0,0.893204,0.876214,0.88835,0.885922,0.813107,0.599515,0.73301,776.0
0.0,0.0,0.0,0.0,0.0,0.0,0.0,0.0,0.0,0.757282,0.893204,0.876214,0.88835,0.885922,0.813107,0.599515,752.0
1.0,0.0,0.0,0.0,0.0,0.0,0.0,0.0,0.0,0.699029,0.757282,0.893204,0.876214,0.88835,0.885922,0.813107,824.0
0.0,1.0,0.0,0.0,0.0,0.0,0.0,0.0,0.0,0.873786,0.699029,0.757282,0.893204,0.876214,0.88835,0.885922,820.0
0.0,0.0,1.0,0.0,0.0,0.0,0.0,0.0,0.0,0.864078,0.873786,0.699029,0.757282,0.893204,0.876214,0.88835,839.0
0.0,0.0,0.0,1.0,0.0,0.0,0.0,0.0,0.0,0.910194,0.864078,0.873786,0.699029,0.757282,0.893204,0.876214,813.0
0.0,0.0,0.0,0.0,1.0,0.0,0.0,0.0,0.0,0.847087,0.910194,0.864078,0.873786,0.699029,0.757282,0.893204,823.0
0.0,0.0,0.0,0.0,0.0,1.0,0.0,0.0,0.0,0.871359,0.847087,0.910194,0.864078,0.873786,0.699029,0.757282,805.0
0.0,0.0,0.0,0.0,0.0,0.0,0.0,0.0,0.0,0.82767,0.871359,0.847087,0.910194,0.864078,0.873786,0.699029,758.0
1.0,0.0,0.0,0.0,0.0,0.0,0.0,0.0,0.0,0.713592,0.82767,0.871359,0.847087,0.910194,0.864078,0.873786,798.0
0.0,1.0,0.0,0.0,0.0,0.0,0.0,0.0,0.0,0.81068,0.713592,0.82767,0.871359,0.847087,0.910194,0.864078,800.0
0.0,0.0,1.0,0.0,0.0,0.0,0.0,0.0,0.0,0.815534,0.81068,0.713592,0.82767,0.871359,0.847087,0.910194,816.0
0.0,0.0,0.0,1.0,0.0,0.0,0.0,0.0,0.0,0.854369,0.815534,0.81068,0.713592,0.82767,0.871359,0.847087,799.0
0.0,0.0,0.0,0.0,1.0,0.0,0.0,0.0,0.0,0.813107,0.854369,0.815534,0.81068,0.713592,0.82767,0.871359,780.0
0.0,0.0,0.0,0.0,0.0,1.0,0.0,0.0,0.0,0.76699,0.813107,0.854369,0.815534,0.81068,0.713592,0.82767,782.0
0.0,0.0,0.0,0.0,0.0,0.0,0.0,0.0,0.0,0.771845,0.76699,0.813107,0.854369,0.815534,0.81068,0.713592,726.0
1.0,0.0,0.0,0.0,0.0,0.0,0.0,0.0,0.0,0.635922,0.771845,0.76699,0.813107,0.854369,0.815534,0.81068,789.0
0.0,1.0,0.0,0.0,0.0,0.0,0.0,0.0,0.0,0.788835,0.635922,0.771845,0.76699,0.813107,0.854369,0.815534,786.0
0.0,0.0,1.0,0.0,0.0,0.0,0.0,0.0,0.0,0.781553,0.788835,0.635922,0.771845,0.76699,0.813107,0.854369,801.0
0.0,0.0,0.0,1.0,0.0,0.0,0.0,1.0,0.0,0.817961,0.781553,0.788835,0.635922,0.771845,0.76699,0.813107,770.0
0.0,0.0,0.0,0.0,1.0,0.0,0.0,1.0,0.0,0.742718,0.817961,0.781553,0.788835,0.635922,0.771845,0.76699,724.0
0.0,0.0,0.0,0.0,0.0,1.0,0.0,1.0,0.0,0.631068,0.742718,0.817961,0.781553,0.788835,0.635922,0.771845,707.0
0.0,0.0,0.0,0.0,0.0,0.0,0.0,0.0,0.0,0.589806,0.631068,0.742718,0.817961,0.781553,0.788835,0.635922,711.0
1.0,0.0,0.0,0.0,0.0,0.0,0.0,0.0,0.0,0.599515,0.589806,0.631068,0.742718,0.817961,0.781553,0.788835,743.0
0.0,1.0,0.0,0.0,0.0,0.0,0.0,0.0,0.0,0.677184,0.599515,0.589806,0.631068,0.742718,0.817961,0.781553,745.0
0.0,0.0,1.0,0.0,0.0,0.0,0.0,0.0,0.0,0.682039,0.677184,0.599515,0.589806,0.631068,0.742718,0.817961,753.0
0.0,0.0,0.0,1.0,0.0,0.0,0.0,0.0,0.0,0.701456,0.682039,0.677184,0.599515,0.589806,0.631068,0.742718,733.0
