-1.0,-0.64,-0.86437,-1.0,-0.37037,0.155011,0.283213,-0.461594,-1.0,-0.583969,-0.425532,1.0,-0.82064,24.0
-0.999528,-1.0,-0.515396,-1.0,-0.654321,0.0959954,0.565396,-0.302076,-0.913043,-0.790076,0.106383,1.0,-0.59106,21.6
-0.999529,-1.0,-0.515396,-1.0,-0.654321,0.388772,0.198764,-0.302076,-0.913043,-0.790076,0.106383,0.979475,-0.873068,34.7
-0.999414,-1.0,-0.8739,-1.0,-0.699588,0.317111,-0.116375,-0.102911,-0.826087,-0.866412,0.297872,0.988552,-0.933223,33.4
-0.99859,-1.0,-0.8739,-1.0,-0.699588,0.37421,0.0566426,-0.102911,-0.826087,-0.866412,0.297872,1.0,-0.801325,36.2
-0.999471,-1.0,-0.8739,-1.0,-0.699588,0.0994443,0.149331,-0.102911,-0.826087,-0.866412,0.297872,0.98598,-0.807947,28.7
-0.998157,-0.75,-0.456745,-1.0,-0.427984,-0.0607396,0.312049,-0.194155,-0.652174,-0.526718,-0.446809,0.993444,-0.409492,22.9
-0.996893,-0.75,-0.456745,-1.0,-0.427984,0.000574823,0.91967,-0.123226,-0.652174,-0.526718,-0.446809,1.0,-0.0386313,27.1
-0.995393,-0.75,-0.456745,-1.0,-0.427984,-0.206745,1.0,-0.0992916,-0.652174,-0.526718,-0.446809,0.948207,0.556291,16.5
-0.99632,-0.75,-0.456745,-1.0,-0.427984,-0.0638053,0.709578,-0.00653821,-0.652174,-0.526718,-0.446809,0.948611,-0.151766,18.9
-0.995087,-0.75,-0.456745,-1.0,-0.427984,0.0791339,0.882595,-0.051169,-0.652174,-0.526718,-0.446809,0.977911,0.0331126,15.0
-0.997501,-0.75,-0.456745,-1.0,-0.427984,-0.0618893,0.647786,-0.0729933,-0.652174,-0.526718,-0.446809,1.0,-0.363135,18.9
-0.998034,-0.75,-0.456745,-1.0,-0.427984,-0.107875,-0.256437,-0.214088,-0.652174,-0.526718,-0.446809,0.967724,-0.228477,21.7
-0.985985,-1.0,-0.43695,-1.0,-0.37037,-0.0848822,0.213182,-0.349289,-0.73913,-0.541985,0.787234,1.0,-0.639625,20.4
-0.985801,-1.0,-0.43695,-1.0,-0.37037,-0.0285495,0.680742,-0.393956,-0.73913,-0.541985,0.787234,0.914872,-0.529249,18.2
-0.986039,-1.0,-0.43695,-1.0,-0.37037,-0.128952,0.104016,-0.387282,-0.73913,-0.541985,0.787234,0.993545,-0.628035,19.9
-0.97645,-1.0,-0.43695,-1.0,-0.37037,-0.0902472,-0.456231,-0.387282,-0.73913,-0.541985,0.787234,0.949317,-0.73234,23.1
-0.982514,-1.0,-0.43695,-1.0,-0.37037,-0.0691703,0.623069,-0.431058,-0.73913,-0.541985,0.787234,0.948812,-0.285872,17.5
-0.982098,-1.0,-0.43695,-1.0,-0.37037,-0.273807,-0.30587,-0.514972,-0.73913,-0.541985,0.787234,0.455797,-0.450331,20.2
-0.983826,-1.0,-0.43695,-1.0,-0.37037,-0.169956,0.371782,-0.514972,-0.73913,-0.541985,0.787234,0.969993,-0.472958,18.2
-0.972002,-1.0,-0.43695,-1.0,-0.37037,-0.230121,0.960865,-0.514718,-0.73913,-0.541985,0.787234,0.897473,0.0645695,13.6
-0.980989,-1.0,-0.43695,-1.0,-0.37037,-0.0787507,0.777549,-0.475725,-0.73913,-0.541985,0.787234,0.977962,-0.33223,19.6
-0.972437,-1.0,-0.43695,-1.0,-0.37037,-0.0109216,0.829042,-0.482163,-0.73913,-0.541985,0.787234,1.0,-0.062362,15.2
-0.977923,-1.0,-0.43695,-1.0,-0.37037,-0.136999,1.0,-0.460648,-0.73913,-0.541985,0.787234,0.988098,0.00165563,14.5
-0.983277,-1.0,-0.43695,-1.0,-0.37037,-0.0944625,0.878476,-0.405287,-0.73913,-0.541985,0.787234,0.987039,-0.195916,15.6
-0.981247,-1.0,-0.43695,-1.0,-0.37037,-0.219007,0.705458,-0.395284,-0.73913,-0.541985,0.787234,0.528569,-0.184327,13.9
-0.985038,-1.0,-0.43695,-1.0,-0.37037,-0.136999,0.800206,-0.353927,-0.73913,-0.541985,0.787234,0.899037,-0.278146,16.6
-0.978657,-1.0,-0.43695,-1.0,-0.37037,-0.0473271,0.76931,-0.395502,-0.73913,-0.541985,0.787234,0.543497,-0.141832,14.8
-0.982766,-1.0,-0.43695,-1.0,-0.37037,0.124353,0.884655,-0.395266,-0.73913,-0.541985,0.787234,0.954814,-0.389073,18.4
-0.977607,-1.0,-0.43695,-1.0,-0.37037,0.192949,0.738414,-0.434495,-0.73913,-0.541985,0.787234,0.915931,-0.434327,21.0
-0.974722,-1.0,-0.43695,-1.0,-0.37037,-0.175321,0.878476,-0.435586,-0.73913,-0.541985,0.787234,0.814766,0.151766,12.7
-0.969689,-1.0,-0.43695,-1.0,-0.37037,-0.0377467,1.0,-0.446135,-0.73913,-0.541985,0.787234,0.89828,-0.375828,14.5
-0.968941,-1.0,-0.43695,-1.0,-0.37037,-0.0844989,0.629248,-0.479781,-0.73913,-0.541985,0.787234,0.171416,0.433775,13.2
-0.974252,-1.0,-0.43695,-1.0,-0.37037,-0.17992,0.897013,-0.516664,-0.73913,-0.541985,0.787234,0.807706,-0.0827815,13.1
-0.963887,-1.0,-0.43695,-1.0,-0.37037,-0.0285495,0.936148,-0.521647,-0.73913,-0.541985,0.787234,0.250643,0.0270419,13.5
-0.9987,-1.0,-0.596774,-1.0,-0.530864,-0.0910136,0.345005,-0.594304,-0.652174,-0.648855,0.404255,1.0,-0.561258,18.9
-0.997952,-1.0,-0.596774,-1.0,-0.530864,-0.126269,0.204943,-0.591103,-0.652174,-0.648855,0.404255,0.902466,-0.465784,20.0
-0.998341,-1.0,-0.596774,-1.0,-0.530864,-0.12282,-0.204943,-0.489929,-0.652174,-0.648855,0.404255,1.0,-0.611479,21.0
-0.996207,-1.0,-0.596774,-1.0,-0.530864,-0.0783675,-0.437693,-0.505733,-0.652174,-0.648855,0.404255,0.9825,-0.536424,24.7
-0.999521,0.5,-0.817449,-1.0,-0.823045,0.162675,-0.610711,-0.223145,-0.826087,-0.751908,0.212766,0.993595,-0.857064,30.8
-0.999387,0.5,-0.817449,-1.0,-0.823045,0.327074,-0.734295,-0.223145,-0.826087,-0.751908,0.212766,0.993545,-0.986203,34.9
-0.997277,-1.0,-0.527126,-1.0,-0.740741,0.229737,-1.0,-0.164983,-0.826087,-0.824427,0.12766,0.942055,-0.828366,26.6
-0.996961,-1.0,-0.527126,-1.0,-0.740741,-0.000574823,-0.92379,-0.164983,-0.826087,-0.824427,0.12766,0.931767,-0.774834,25.3
-0.99656,-1.0,-0.527126,-1.0,-0.740741,0.0155202,-0.92585,-0.164983,-0.826087,-0.824427,0.12766,0.987695,-0.684879,24.7
-0.997384,-1.0,-0.527126,-1.0,-0.740741,-0.0388963,-0.235839,-0.164983,-0.826087,-0.824427,0.12766,0.962126,-0.568433,21.2
-0.996289,-1.0,-0.527126,-1.0,-0.740741,-0.187201,-0.363543,-0.277833,-0.826087,-0.824427,0.12766,1.0,-0.532009,19.3
-0.995908,-1.0,-0.527126,-1.0,-0.740741,-0.147346,-0.373841,-0.277833,-0.826087,-0.824427,0.12766,1.0,-0.31457,20.0
-0.994988,-1.0,-0.527126,-1.0,-0.740741,-0.0538417,0.701339,-0.170712,-0.826087,-0.824427,0.12766,0.979021,-0.057947,16.6
-0.994435,-1.0,-0.527126,-1.0,-0.740741,-0.295651,0.903193,-0.137866,-0.826087,-0.824427,0.12766,1.0,0.604857,14.4
-0.995202,-1.0,-0.527126,-1.0,-0.740741,-0.217858,0.217302,-0.0982731,-0.826087,-0.824427,0.12766,1.0,-0.201435,19.4
-0.998147,-0.58,-0.620235,-1.0,-0.777778,-0.0795171,-0.118435,0.0339459,-0.73913,-0.78626,-0.106383,0.993242,-0.353201,19.7
-0.999167,-0.58,-0.620235,-1.0,-0.777778,-0.0212684,0.237899,0.0339459,-0.73913,-0.78626,-0.106383,0.985224,-0.575055,20.5
-0.998937,-0.58,-0.620235,-1.0,-0.777778,0.130485,-0.625129,0.0339459,-0.73913,-0.78626,-0.106383,1.0,-0.804084,25.0
-0.999022,-0.58,-0.620235,-1.0,-0.777778,-0.0661046,-0.61895,0.0339459,-0.73913,-0.78626,-0.106383,1.0,-0.630243,23.4
-0.999836,0.5,-0.740469,-1.0,-0.897119,-0.108258,-0.0792997,0.12579,-0.826087,0.0763359,0.808511,1.0,-0.278698,18.9
-0.999847,0.8,-0.944282,-1.0,-0.925926,0.413298,-0.608651,0.376206,-0.652174,-0.851145,0.12766,0.995108,-0.830022,35.4
-0.99968,0.7,-0.979472,-1.0,-0.897119,0.0814332,-0.324408,0.465504,-0.913043,-0.519084,2.22045e-16,1.0,-0.777042,24.7
-0.99982,1.0,-0.93695,-1.0,-0.893004,0.247365,-0.225541,0.308587,-0.652174,-0.736641,-0.468085,0.979828,-0.877483,31.6
-0.99667,-0.5,-0.657625,-1.0,-0.720165,-0.00977199,-0.45829,0.215834,-0.391304,-0.629771,0.510638,0.968632,-0.716887,23.3
-0.99782,-0.5,-0.657625,-1.0,-0.720165,-0.0933129,-0.0875386,0.0552792,-0.391304,-0.629771,0.510638,1.0,-0.586645,19.6
-0.996785,-0.5,-0.657625,-1.0,-0.720165,-0.164591,0.303811,0.10864,-0.391304,-0.629771,0.510638,0.990973,-0.369757,18.7
-0.996282,-0.5,-0.657625,-1.0,-0.720165,-0.0783675,0.864058,0.034637,-0.391304,-0.629771,0.510638,0.905089,-0.298565,16.0
-0.997663,-0.5,-0.657625,-1.0,-0.720165,0.109408,0.336766,0.108658,-0.391304,-0.629771,0.510638,1.0,-0.724062,22.2
-0.997298,-0.5,-0.657625,-1.0,-0.720165,0.226672,-0.165808,0.246042,-0.391304,-0.629771,0.510638,0.993343,-0.571192,25.0
-0.999703,-0.65,-0.932551,-1.0,-0.872016,0.357731,0.165808,0.471924,-0.826087,-0.889313,0.276596,0.981542,-0.651214,33.0
-0.999336,0.6,-0.786657,-1.0,-0.946502,0.0457942,-0.6931,-0.00300994,-0.73913,-0.427481,-0.255319,1.0,-0.837748,23.5
-0.999158,0.6,-0.786657,-1.0,-0.946502,-0.146963,-0.419156,-0.00300994,-0.73913,-0.427481,-0.255319,1.0,-0.530353,19.4
-0.998841,-0.75,-0.58871,-1.0,-0.901235,-0.11209,-0.61895,-0.0236521,-0.73913,-0.396947,0.340426,0.99652,-0.648455,22.0
-0.997095,-0.75,-0.58871,-1.0,-0.901235,-0.220924,-0.301751,-0.0236521,-0.73913,-0.396947,0.340426,1.0,-0.373068,17.4
-0.997261,-0.75,-0.58871,-1.0,-0.901235,-0.109408,-0.380021,-0.0236521,-0.73913,-0.396947,0.340426,1.0,-0.610375,20.9
-0.998158,-1.0,-0.241202,-1.0,-0.884774,0.0944625,-0.92379,-0.243841,-0.73913,-0.549618,0.404255,0.933582,-0.724614,24.2
-0.996573,-1.0,-0.241202,-1.0,-0.884774,-0.0802836,-0.699279,-0.243841,-0.73913,-0.549618,0.404255,0.899339,-0.550221,21.7
-0.998082,-1.0,-0.241202,-1.0,-0.884774,-0.0404292,-0.899073,-0.243841,-0.73913,-0.549618,0.404255,0.969792,-0.790839,22.8
-0.99575,-1.0,-0.241202,-1.0,-0.884774,0.0285495,-0.932029,-0.243841,-0.73913,-0.549618,0.404255,0.900499,-0.67936,23.4
-0.998367,-1.0,-0.0931085,-1.0,-0.786008,0.0392796,-0.936148,-0.432222,-0.652174,-0.194656,0.297872,0.990015,-0.721302,24.1
-0.998004,-1.0,-0.0931085,-1.0,-0.786008,0.0442614,-0.132853,-0.386554,-0.652174,-0.194656,0.297872,0.931061,-0.602097,21.4
-0.99786,-1.0,-0.0931085,-1.0,-0.786008,0.0415788,0.474768,-0.468468,-0.652174,-0.194656,0.297872,0.882798,-0.434879,20.0
-0.998185,-1.0,-0.0931085,-1.0,-0.786008,-0.0116881,-0.116375,-0.461503,-0.652174,-0.194656,0.297872,0.949871,-0.528698,20.8
-0.998873,-1.0,-0.0931085,-1.0,-0.786008,0.0235677,0.046344,-0.293528,-0.652174,-0.194656,0.297872,0.947047,-0.414459,21.2
-0.998257,-1.0,-0.0931085,-1.0,-0.786008,-0.113623,-0.30587,-0.386554,-0.652174,-0.194656,0.297872,0.995764,-0.593267,20.3
-0.999217,-0.5,-0.677419,-1.0,-0.831276,0.213259,-0.369722,-0.223217,-0.73913,-0.641221,0.361702,1.0,-0.803532,28.0
-0.999139,-0.5,-0.677419,-1.0,-0.831276,0.171872,0.390319,-0.223217,-0.73913,-0.641221,0.361702,0.993595,-0.69702,23.9
-0.99932,-0.5,-0.677419,-1.0,-0.831276,0.0503928,-0.396498,-0.223217,-0.73913,-0.641221,0.361702,1.0,-0.724614,24.8
-0.999344,-0.5,-0.677419,-1.0,-0.831276,-0.00134125,-0.0978373,-0.223217,-0.73913,-0.641221,0.361702,0.96843,-0.681015,22.9
-0.999005,-1.0,-0.704545,-1.0,-0.736626,0.0837325,-0.0710608,-0.336213,-0.826087,-0.770992,0.255319,1.0,-0.56457,23.9
-0.998853,-1.0,-0.704545,-1.0,-0.736626,0.176087,0.0957775,-0.398358,-0.826087,-0.770992,0.255319,0.976802,-0.735099,26.6
-0.998976,-1.0,-0.704545,-1.0,-0.736626,-0.05959,-0.130793,-0.400267,-0.826087,-0.770992,0.255319,0.995411,-0.385762,22.5
-0.998535,-1.0,-0.704545,-1.0,-0.736626,-0.0189692,0.110196,-0.523866,-0.826087,-0.770992,0.255319,0.991175,-0.629691,22.2
-0.99887,-1.0,-0.783724,-1.0,-0.572016,0.320559,0.717817,-0.583137,-0.913043,-0.683206,0.106383,1.0,-0.791943,23.6
-0.99895,-1.0,-0.783724,-1.0,-0.572016,0.348151,0.239959,-0.584447,-0.913043,-0.683206,0.106383,0.995764,-0.780905,28.7
-0.999089,-1.0,-0.783724,-1.0,-0.572016,0.0944625,0.301751,-0.643045,-0.913043,-0.683206,0.106383,0.976196,-0.609272,22.6
-0.999258,-1.0,-0.783724,-1.0,-0.572016,0.089864,0.46241,-0.643081,-0.913043,-0.683206,0.106383,0.983106,-0.642936,22.0
-0.999197,-0.44,0.068915,-1.0,-0.674897,0.104043,0.0442842,-0.538725,-0.73913,-0.683206,0.191489,0.990469,-0.645143,22.9
-0.999496,-0.44,0.068915,-1.0,-0.674897,0.0155202,-0.46447,-0.538725,-0.73913,-0.683206,0.191489,0.997125,-0.752759,25.0
-0.999177,-0.44,0.068915,-1.0,-0.674897,0.0300824,0.532441,-0.547982,-0.73913,-0.683206,0.191489,1.0,-0.511038,20.6
-0.997399,-1.0,-0.821848,-1.0,-0.753086,0.174171,0.130793,-0.56977,-0.913043,-0.660305,0.148936,0.803722,-0.728477,28.4
-0.997556,-1.0,-0.821848,-1.0,-0.753086,-0.00287411,0.373841,-0.56977,-0.913043,-0.660305,0.148936,0.974431,-0.469647,21.4
-0.997426,-1.0,-0.821848,-1.0,-0.753086,0.727534,0.505664,-0.56977,-0.913043,-0.660305,0.148936,1.0,-0.863135,38.7
-0.998302,-1.0,-0.821848,-1.0,-0.753086,0.632113,-0.299691,-0.56977,-0.913043,-0.660305,0.148936,0.983005,-0.898455,43.8
-0.9986,-1.0,-0.821848,-1.0,-0.753086,0.477295,0.2276,-0.56977,-0.913043,-0.660305,0.148936,1.0,-0.753863,33.2
-0.9968,-1.0,-0.406158,-1.0,-0.444444,0.213259,0.585994,-0.700243,-0.652174,-0.248092,0.765957,0.989208,-0.575607,27.5
-0.997572,-1.0,-0.406158,-1.0,-0.444444,0.233953,0.408857,-0.686002,-0.652174,-0.248092,0.765957,0.993343,-0.672185,26.5
-0.995,-1.0,-0.406158,-1.0,-0.444444,0.089864,0.699279,-0.711719,-0.652174,-0.248092,0.765957,-0.644561,-0.50883,18.6
-0.995385,-1.0,-0.406158,-1.0,-0.444444,-0.0128377,0.740474,-0.711719,-0.652174,-0.248092,0.765957,0.987745,-0.353753,19.3
-0.997004,-1.0,-0.406158,-1.0,-0.444444,-0.00134125,0.794027,-0.765134,-0.652174,-0.248092,0.765957,0.978768,-0.415011,20.1
-0.997161,-1.0,-0.406158,-1.0,-0.444444,-0.122437,0.932029,-0.822259,-0.652174,-0.248092,0.765957,0.985627,-0.186534,19.5
-0.996294,-1.0,-0.406158,-1.0,-0.444444,-0.128185,0.833162,-0.803326,-0.652174,-0.248092,0.765957,0.993797,-0.0656733,19.5
-0.997193,-1.0,-0.406158,-1.0,-0.444444,-0.0166699,0.69516,-0.81944,-0.652174,-0.248092,0.765957,0.953553,-0.317881,20.4
-0.997264,-1.0,-0.406158,-1.0,-0.444444,0.116306,0.940268,-0.76297,-0.652174,-0.248092,0.765957,0.991628,-0.418322,19.8
-0.994216,-1.0,-0.406158,-1.0,-0.444444,0.0224181,0.818744,-0.742564,-0.652174,-0.248092,0.765957,0.971406,-0.237307,19.4
-0.997716,-1.0,-0.406158,-1.0,-0.444444,0.00938877,0.0607621,-0.700243,-0.652174,-0.248092,0.765957,0.982803,-0.378035,21.7
-0.997875,-1.0,-0.299853,-1.0,-0.333333,0.208661,0.621009,-0.718484,-0.565217,-0.0648855,0.106383,0.993394,-0.534768,22.8
-0.997371,-1.0,-0.299853,-1.0,-0.333333,-0.0986779,0.853759,-0.777428,-0.565217,-0.0648855,0.106383,0.990166,-0.200883,18.8
-0.995149,-1.0,-0.299853,-1.0,-0.333333,-0.0300824,0.905252,-0.742036,-0.565217,-0.0648855,0.106383,1.0,-0.152318,18.7
-0.996943,-1.0,-0.299853,-1.0,-0.333333,0.0319985,0.674562,-0.795051,-0.565217,-0.0648855,0.106383,0.958848,-0.518764,18.5
-0.99629,-1.0,-0.299853,-1.0,-0.333333,-0.0929297,0.756952,-0.757477,-0.565217,-0.0648855,0.106383,0.737808,-0.225717,18.3
-0.997184,-1.0,-0.299853,-1.0,-0.333333,0.00210768,0.433574,-0.708918,-0.565217,-0.0648855,0.106383,0.981845,-0.431015,21.2
-0.996748,-1.0,-0.299853,-1.0,-0.333333,-0.0572907,0.641607,-0.705772,-0.565217,-0.0648855,0.106383,0.987947,-0.527042,19.2
-0.997207,-1.0,-0.299853,-1.0,-0.333333,-0.11439,0.445932,-0.754858,-0.565217,-0.0648855,0.106383,0.706137,-0.247241,20.4
-0.996888,-1.0,-0.299853,-1.0,-0.333333,-0.168423,0.283213,-0.703626,-0.565217,-0.0648855,0.106383,0.972767,-0.344371,19.3
-0.998591,-1.0,0.846774,-1.0,-0.193416,-0.115156,0.375901,-0.794833,-0.913043,-0.996183,0.382979,0.960916,-0.302428,22.0
-0.998531,-1.0,0.846774,-1.0,-0.193416,-0.0638053,0.672503,-0.8058,-0.913043,-0.996183,0.382979,0.903021,-0.307947,20.3
-0.998052,-1.0,0.846774,-1.0,-0.193416,-0.0802836,0.853759,-0.825896,-0.913043,-0.996183,0.382979,0.905139,-0.10596,20.5
-0.996762,-1.0,0.846774,-1.0,-0.193416,-0.120521,0.938208,-0.851813,-0.913043,-0.996183,0.382979,0.865903,0.306843,17.3
-0.997928,-1.0,0.846774,-1.0,-0.193416,-0.111707,0.913491,-0.840555,-0.913043,-0.996183,0.382979,0.911645,-0.125276,18.8
-0.996343,-1.0,0.846774,-1.0,-0.193416,-0.0707032,0.761071,-0.842992,-0.913043,-0.996183,0.382979,0.940088,-0.278146,21.4
-0.991435,-1.0,0.846774,-1.0,-0.193416,-0.213642,0.909372,-0.885859,-0.913043,-0.996183,0.382979,0.810328,0.40894,15.7
-0.994317,-1.0,0.571114,-1.0,-0.0164609,-0.182985,0.917611,-0.880203,-0.73913,-0.0458015,0.829787,0.975843,-0.146799,16.2
-0.992827,-1.0,0.571114,-1.0,-0.0164609,0.0998276,0.975283,-0.875801,-0.73913,-0.0458015,0.829787,1.0,-0.246137,18.0
-0.980332,-1.0,0.571114,-1.0,-0.0164609,-0.204445,0.890834,-0.845356,-0.73913,-0.0458015,0.829787,1.0,-0.0833333,14.3
-0.992498,-1.0,0.571114,-1.0,-0.0164609,0.110174,0.977343,-0.820149,-0.73913,-0.0458015,0.829787,0.99062,-0.40011,19.2
-0.973325,-1.0,0.571114,-1.0,-0.0164609,0.05959,0.952626,-0.792414,-0.73913,-0.0458015,0.829787,1.0,-0.418874,19.6
-0.986878,-1.0,0.571114,-1.0,-0.0164609,0.0772179,0.956746,-0.782157,-0.73913,-0.0458015,0.829787,0.94382,-0.481788,23.0
-0.992728,-1.0,0.571114,-1.0,-0.0164609,-0.13355,0.905252,-0.75624,-0.73913,-0.0458015,0.829787,0.958596,-0.266004,18.4
-0.978198,-1.0,0.571114,-1.0,-0.0164609,-0.158459,0.967044,-0.778774,-0.73913,-0.0458015,0.829787,0.323516,-0.140177,15.6
-0.987603,-1.0,0.571114,-1.0,-0.0164609,0.0630389,0.962925,-0.821568,-0.73913,-0.0458015,0.829787,0.988754,-0.159492,18.1
-0.992889,-1.0,0.571114,-1.0,-0.0164609,-0.0875647,0.866117,-0.847721,-0.73913,-0.0458015,0.829787,0.905946,-0.162804,17.4
-0.992222,-1.0,0.571114,-1.0,-0.0164609,0.108642,0.967044,-0.869018,-0.73913,-0.0458015,0.829787,0.985778,-0.290287,17.1
-0.994527,-1.0,0.571114,-1.0,-0.0164609,-0.120138,0.962925,-0.901972,-0.73913,-0.0458015,0.829787,0.97549,0.0811258,13.3
-0.987902,-1.0,0.571114,-1.0,-0.0164609,-0.0074727,0.956746,-0.901954,-0.73913,-0.0458015,0.829787,1.0,-0.0767108,17.8
-0.993603,-1.0,0.571114,-1.0,-0.0164609,0.00134125,0.868177,-0.912284,-0.73913,-0.0458015,0.829787,0.95552,0.237859,14.0
-0.963531,-1.0,0.571114,-1.0,-0.0164609,-0.441272,1.0,-0.943657,-0.73913,-0.0458015,0.829787,1.0,0.803532,14.4
-0.925486,-1.0,0.40176,1.0,1.0,-0.294118,1.0,-0.965081,-0.652174,-0.175573,-0.553191,1.0,0.384658,13.4
-0.908034,-1.0,0.40176,-1.0,1.0,-0.269209,1.0,-0.948676,-0.652174,-0.175573,-0.553191,1.0,0.362583,15.6
-0.937655,-1.0,0.40176,-1.0,1.0,-0.485725,0.954686,-0.960662,-0.652174,-0.175573,-0.553191,1.0,0.520971,11.8
-0.946656,-1.0,0.40176,-1.0,1.0,-0.0155202,1.0,-0.947349,-0.652174,-0.175573,-0.553191,-0.129608,0.438742,13.8
-0.951698,-1.0,0.40176,-1.0,1.0,-0.207894,1.0,-0.929617,-0.652174,-0.175573,-0.553191,-0.147965,-0.1766,15.6
-0.946897,-1.0,0.40176,-1.0,1.0,-0.476911,0.911432,-0.939765,-0.652174,-0.175573,-0.553191,0.973826,0.534216,14.6
-0.947743,-1.0,0.40176,-1.0,1.0,-0.377275,0.872297,-0.927252,-0.652174,-0.175573,-0.553191,0.798729,0.467439,17.8
-0.938684,-1.0,0.40176,-1.0,1.0,-0.219774,0.894954,-0.927962,-0.652174,-0.175573,-0.553191,0.772808,0.0883002,15.4
-0.962903,-1.0,0.40176,-1.0,1.0,-0.0185859,0.944387,-0.911175,-0.652174,-0.175573,-0.553191,0.878461,-0.317329,21.5
-0.966506,-1.0,0.40176,-1.0,1.0,-0.293734,1.0,-0.915976,-0.652174,-0.175573,-0.553191,0.721116,-0.362583,19.6
-0.974817,-1.0,0.40176,1.0,1.0,-0.443955,0.752832,-0.912594,-0.652174,-0.175573,-0.553191,0.729588,-0.4266,15.3
-0.95183,-1.0,0.40176,-1.0,1.0,-0.176854,0.969104,-0.910229,-0.652174,-0.175573,-0.553191,0.319431,-0.224062,19.4
-0.968359,-1.0,0.40176,1.0,1.0,-0.0159034,0.917611,-0.887277,-0.652174,-0.175573,-0.553191,0.617328,-0.261038,17.0
-0.920677,-1.0,0.40176,1.0,1.0,-0.00708948,0.641607,-0.887987,-0.652174,-0.175573,-0.553191,-0.557769,-0.266556,15.6
-0.945142,-1.0,0.40176,-1.0,1.0,-0.344319,0.876416,-0.889642,-0.652174,-0.175573,-0.553191,-0.554642,-0.204746,13.1
-0.972637,-1.0,0.40176,-1.0,-0.0946502,0.296034,0.946447,-0.864016,-0.652174,-0.175573,-0.553191,0.831207,-0.842163,41.3
-0.969956,-1.0,0.40176,-1.0,-0.0946502,-0.040046,1.0,-0.885841,-0.652174,-0.175573,-0.553191,0.783095,-0.740618,24.3
-0.968108,-1.0,0.40176,-1.0,1.0,0.130102,1.0,-0.884276,-0.652174,-0.175573,-0.553191,0.835645,-0.687638,23.3
-0.971515,-1.0,0.40176,1.0,-0.0946502,0.0304656,0.84758,-0.878366,-0.652174,-0.175573,-0.553191,0.7076,-0.791943,27.0
-0.967246,-1.0,0.40176,-1.0,-0.0946502,0.505269,0.810505,-0.846993,-0.652174,-0.175573,-0.553191,0.886681,-1.0,50.0
-0.95892,-1.0,0.40176,1.0,-0.0946502,0.625216,0.962925,-0.834299,-0.652174,-0.175573,-0.553191,0.963236,-0.989514,50.0
-0.965995,-1.0,0.40176,1.0,-0.0946502,0.844798,0.874356,-0.812238,-0.652174,-0.175573,-0.553191,0.957386,-0.912252,50.0
-0.949735,-1.0,0.40176,-1.0,-0.0946502,-0.121288,0.831102,-0.764952,-0.652174,-0.175573,-0.553191,0.990973,-0.453091,22.7
-0.934412,-1.0,0.40176,-1.0,-0.0946502,-0.0266335,0.855819,-0.790159,-0.652174,-0.175573,-0.553191,0.209542,-0.554084,25.0
-0.954954,-1.0,0.40176,-1.0,-0.0946502,0.673884,0.92173,-0.833353,-0.652174,-0.175573,-0.553191,0.86081,-0.89128,50.0
-0.959673,-1.0,0.40176,-1.0,-0.0946502,-0.112474,0.571576,-0.764243,-0.652174,-0.175573,-0.553191,0.14625,-0.425497,23.8
-0.94843,-1.0,0.40176,-1.0,-0.0946502,0.0569075,0.91967,-0.823514,-0.652174,-0.175573,-0.553191,0.496646,-0.482892,23.8
-0.945078,-1.0,0.40176,-1.0,-0.0946502,0.0887143,0.901133,-0.79396,-0.652174,-0.175573,-0.553191,0.662817,-0.470751,22.3
-0.973,-1.0,0.40176,-1.0,-0.0946502,-0.11324,0.888774,-0.764243,-0.652174,-0.175573,-0.553191,0.472439,-0.299117,17.4
-0.948127,-1.0,0.40176,-1.0,-0.0946502,-0.111324,0.944387,-0.771008,-0.652174,-0.175573,-0.553191,0.754047,-0.431567,19.1
-0.997014,-1.0,-0.736804,-1.0,-0.485597,-0.229354,0.763131,-0.733288,-0.652174,-0.583969,-0.148936,1.0,-0.284768,23.1
-0.998079,-1.0,-0.736804,-1.0,-0.485597,0.0940793,0.672503,-0.724159,-0.652174,-0.583969,-0.148936,0.99294,-0.596578,23.6
-0.998243,-1.0,-0.736804,-1.0,-0.485597,-0.119372,0.355304,-0.714047,-0.652174,-0.583969,-0.148936,0.981492,-0.563466,22.6
-0.998644,-1.0,-0.736804,-1.0,-0.485597,0.143897,-0.377961,-0.63577,-0.652174,-0.583969,-0.148936,0.970044,-0.801325,29.4
-0.998564,-1.0,-0.736804,-1.0,-0.485597,-0.0576739,-0.0875386,-0.558912,-0.652174,-0.583969,-0.148936,0.981492,-0.537528,23.2
-0.998923,-1.0,-0.736804,-1.0,-0.485597,0.0553746,0.452111,-0.602088,-0.652174,-0.583969,-0.148936,0.993444,-0.748344,24.6
-0.998649,-1.0,-0.736804,-1.0,-0.485597,0.264227,0.472709,-0.675236,-0.652174,-0.583969,-0.148936,0.971607,-0.713576,29.9
-0.998843,-1.0,-0.853372,-1.0,-0.576132,0.310213,0.143151,-0.690931,-0.826087,-0.977099,0.106383,1.0,-0.817329,37.2
-0.998661,-1.0,-0.853372,-1.0,-0.576132,0.611037,0.656025,-0.706936,-0.826087,-0.977099,0.106383,0.993242,-0.678256,39.8
-0.998594,-1.0,-0.853372,-1.0,-0.576132,-0.0101552,0.221421,-0.732961,-0.826087,-0.977099,0.106383,1.0,-0.573951,36.2
-0.998096,-1.0,-0.853372,-1.0,-0.576132,0.377275,0.839341,-0.714283,-0.826087,-0.977099,0.106383,0.98598,-0.82947,37.9
-0.997892,-1.0,-0.853372,-1.0,-0.576132,0.150412,0.909372,-0.687657,-0.826087,-0.977099,0.106383,1.0,-0.782009,32.5
-0.998274,-1.0,-0.853372,-1.0,-0.576132,-0.217091,0.789907,-0.662032,-0.826087,-0.977099,0.106383,0.970246,-0.323951,26.4
-0.998783,-1.0,-0.853372,-1.0,-0.576132,-0.00670627,0.357364,-0.608963,-0.826087,-0.977099,0.106383,0.950628,-0.369757,29.6
-0.998883,-1.0,-0.853372,-1.0,-0.576132,0.636329,0.0442842,-0.623603,-0.826087,-0.977099,0.106383,0.978466,-0.84989,50.0
-0.998372,-0.1,-0.781525,-1.0,-0.786008,0.234336,-0.213182,-0.516409,-0.652174,-0.194656,-0.446809,0.984719,-0.726821,32.0
-0.997314,-0.1,-0.781525,-1.0,-0.786008,0.147729,-0.46035,-0.374897,-0.652174,-0.194656,-0.446809,0.929094,-0.843819,29.8
-0.998261,-0.1,-0.781525,-1.0,-0.786008,0.388772,-0.258496,-0.374897,-0.652174,-0.194656,-0.446809,1.0,-0.798013,34.9
-0.998104,-0.1,-0.781525,-1.0,-0.786008,0.299099,-0.61689,-0.0269621,-0.652174,-0.194656,-0.446809,0.903071,-0.814018,37.0
-0.998589,-0.1,-0.781525,-1.0,-0.786008,0.217858,-0.425335,-0.0269621,-0.652174,-0.194656,-0.446809,0.96374,-0.836645,30.5
-0.998194,-0.1,-0.781525,-1.0,-0.786008,0.386089,-0.518023,-0.0269621,-0.652174,-0.194656,-0.446809,0.967674,-0.937086,36.4
-0.99965,0.2,-0.818915,-1.0,-0.934156,0.241234,-0.855819,-0.0742846,-1.0,-0.70229,-0.361702,0.982198,-0.817881,31.1
-0.999819,0.2,-0.818915,-1.0,-0.934156,0.166124,-0.672503,-0.0742846,-1.0,-0.70229,-0.361702,0.898129,-0.853753,29.1
-0.999832,0.6,-1.0,-1.0,-0.847737,0.65319,-0.400618,-0.178168,-0.73913,-0.740458,-0.617021,0.986535,-0.931567,50.0
-0.99924,0.6,-0.922287,-1.0,-0.921811,0.42786,-0.357364,0.123844,-0.913043,-0.458015,-1.0,1.0,-0.870309,33.3
-0.999093,0.6,-0.922287,-1.0,-0.921811,0.358881,-0.30587,0.123844,-0.913043,-0.458015,-1.0,0.785214,-0.620309,30.3
-0.999295,0.6,-0.922287,-1.0,-0.921811,0.422878,-0.270855,0.123844,-0.913043,-0.458015,-1.0,0.976297,-0.730132,34.6
-0.999434,0.9,-0.925953,-1.0,-0.925926,0.308297,-0.744593,0.18648,-0.826087,-0.179389,-0.0638298,1.0,-0.843819,34.9
-0.999742,0.9,-0.925953,-1.0,-0.925926,0.369611,-0.773429,0.18648,-0.826087,-0.179389,-0.0638298,0.936457,-0.84989,32.9
-0.999368,0.65,-0.884897,-1.0,-0.876543,-0.00325733,-0.268795,-0.0651184,-0.913043,-0.385496,-0.553191,0.984215,-0.68543,24.1
-0.999653,0.65,-0.884897,-1.0,-0.876543,0.551638,-0.736354,-0.0651184,-0.913043,-0.385496,-0.553191,0.992334,-0.923841,42.3
-0.999353,0.9,-0.837243,-1.0,-0.872016,0.64476,-0.375901,-0.274632,-0.73913,-0.858779,-0.553191,0.979222,-0.88521,48.5
-0.99969,0.9,-0.837243,-1.0,-0.872016,0.714121,-0.402678,-0.274632,-0.73913,-0.858779,-0.553191,0.967976,-0.936534,50.0
-0.997075,-1.0,-0.257331,-1.0,-0.572016,-0.107109,-0.600412,-0.487892,-0.73913,-0.656489,0.276596,1.0,-0.495585,22.6
-0.994979,-1.0,-0.257331,-1.0,-0.572016,0.05959,0.0216272,-0.413417,-0.73913,-0.656489,0.276596,0.989762,-0.490066,24.4
-0.994477,-1.0,-0.257331,-1.0,-0.572016,-0.148496,0.437693,-0.413417,-0.73913,-0.656489,0.276596,0.962328,-0.0987859,22.5
-0.997088,-1.0,-0.257331,1.0,-0.572016,-0.0408124,0.15757,-0.434459,-0.73913,-0.656489,0.276596,0.921428,-0.286424,24.4
-0.990348,-1.0,-0.257331,1.0,-0.572016,-0.316727,1.0,-0.500696,-0.73913,-0.656489,0.276596,1.0,0.178808,20.0
-0.99622,-1.0,-0.257331,1.0,-0.572016,-0.0806668,0.837281,-0.500314,-0.73913,-0.656489,0.276596,0.981593,-0.142384,21.7
-0.991695,-1.0,-0.257331,1.0,-0.572016,-0.293734,0.765191,-0.538888,-0.73913,-0.656489,0.276596,0.991628,0.227925,19.3
-0.99526,-1.0,-0.257331,1.0,-0.572016,-0.139299,0.0484037,-0.541143,-0.73913,-0.656489,0.276596,0.969943,-0.210817,22.4
-0.996983,-1.0,-0.257331,-1.0,-0.572016,0.0783675,-0.394439,-0.487892,-0.73913,-0.656489,0.276596,0.944072,-0.577815,28.1
-0.993633,-1.0,-0.257331,-1.0,-0.572016,-0.290669,-0.857878,-0.552983,-0.73913,-0.656489,0.276596,0.758082,0.53532,23.7
-0.995691,-1.0,-0.257331,-1.0,-0.572016,0.00440697,-0.186406,-0.487892,-0.73913,-0.656489,0.276596,0.983509,-0.572848,25.0
-0.999117,-1.0,-0.0153959,1.0,-0.320988,-0.108258,0.0937178,-0.639444,-0.652174,-0.660305,-0.191489,0.979323,-0.34989,23.3
-0.998566,-1.0,-0.0153959,-1.0,-0.320988,0.180686,0.6931,-0.583246,-0.652174,-0.660305,-0.191489,0.979222,-0.560706,28.7
-0.997654,-1.0,-0.0153959,1.0,-0.320988,-0.0841157,0.872297,-0.679964,-0.652174,-0.660305,-0.191489,1.0,-0.106512,21.5
-0.997574,-1.0,-0.0153959,1.0,-0.320988,0.0776011,0.84346,-0.593758,-0.652174,-0.660305,-0.191489,0.984064,-0.516004,23.0
-0.992092,-1.0,-0.579179,1.0,-0.497942,0.299099,0.763131,-0.684984,-0.391304,-0.541985,0.0212766,0.973776,-0.559603,26.7
-0.990977,-1.0,-0.579179,1.0,-0.497942,-0.0024909,0.820803,-0.651102,-0.391304,-0.541985,0.0212766,0.991628,0.0888521,21.7
-0.986125,-1.0,-0.579179,1.0,-0.497942,0.271508,0.54068,-0.610345,-0.391304,-0.541985,0.0212766,0.967169,-0.547461,27.5
-0.986324,-1.0,-0.579179,-1.0,-0.497942,0.171489,0.604531,-0.610345,-0.391304,-0.541985,0.0212766,1.0,-0.676049,30.1
-0.993054,-1.0,-0.579179,-1.0,-0.510288,0.803027,0.553038,-0.679037,-0.391304,-0.541985,0.0212766,0.940239,-0.866998,44.8
-0.988297,-1.0,-0.579179,-1.0,-0.510288,0.978923,0.649846,-0.679037,-0.391304,-0.541985,0.0212766,0.924858,-0.839956,50.0
-0.991552,-1.0,-0.579179,-1.0,-0.510288,0.716421,0.721936,-0.620602,-0.391304,-0.541985,0.0212766,0.95199,-0.922737,37.6
-0.990872,-1.0,-0.579179,-1.0,-0.510288,0.380341,0.585994,-0.620602,-0.391304,-0.541985,0.0212766,0.87483,-0.744481,31.6
-0.993439,-1.0,-0.579179,-1.0,-0.510288,0.580763,-0.709578,-0.591612,-0.391304,-0.541985,0.0212766,0.902214,-0.879139,46.7
-0.990211,-1.0,-0.579179,-1.0,-0.510288,0.146197,-0.61895,-0.591612,-0.391304,-0.541985,0.0212766,0.916486,-0.887969,31.5
-0.988071,-1.0,-0.579179,-1.0,-0.510288,-0.0726193,0.342945,-0.537706,-0.391304,-0.541985,0.0212766,0.90645,-0.452539,24.3
-0.989735,-1.0,-0.579179,-1.0,-0.510288,0.475762,0.524202,-0.537706,-0.391304,-0.541985,0.0212766,0.895305,-0.80574,31.7
-0.98721,-1.0,-0.579179,-1.0,-0.497942,0.830236,0.450051,-0.507352,-0.391304,-0.541985,0.0212766,0.944576,-0.959161,41.7
-0.992691,-1.0,-0.579179,-1.0,-0.497942,0.795746,0.390319,-0.541271,-0.391304,-0.541985,0.0212766,0.909476,-0.877483,48.3
-0.990073,-1.0,-0.579179,1.0,-0.497942,0.212876,0.30999,-0.541271,-0.391304,-0.541985,0.0212766,0.814918,-0.651214,29.0
-0.992714,-1.0,-0.579179,-1.0,-0.497942,-0.0323817,0.207003,-0.541271,-0.391304,-0.541985,0.0212766,0.898381,-0.495033,24.0
-0.98844,-1.0,-0.579179,1.0,-0.497942,0.176471,0.515963,-0.451045,-0.391304,-0.541985,0.0212766,0.957386,-0.568985,25.1
-0.988636,-1.0,-0.579179,-1.0,-0.497942,0.455068,0.415036,-0.451045,-0.391304,-0.541985,0.0212766,0.965555,-0.834437,31.5
-0.998289,-0.4,-0.672287,-1.0,-0.823045,0.118988,-0.678682,-0.0796861,-0.565217,-0.568702,-0.148936,0.911796,-0.744481,23.7
-0.998062,-0.4,-0.672287,-1.0,-0.823045,0.16689,-0.190525,-0.0796861,-0.565217,-0.568702,-0.148936,0.933834,-0.688742,23.3
-0.997595,-0.4,-0.672287,-1.0,-0.823045,0.278406,0.0587024,-0.0530968,-0.565217,-0.568702,-0.148936,0.971506,-0.467439,22.0
-0.997757,-0.4,-0.672287,-1.0,-0.823045,-0.0289327,0.281153,-0.0530968,-0.565217,-0.568702,-0.148936,0.988502,-0.411148,20.1
-0.997829,-0.4,-0.672287,-1.0,-0.823045,0.0718528,0.0298661,0.0741027,-0.565217,-0.568702,-0.148936,0.878209,-0.476269,22.2
-0.997274,-0.4,-0.672287,-1.0,-0.823045,0.0852654,-0.899073,0.0741027,-0.565217,-0.568702,-0.148936,0.888093,-0.809051,23.7
-0.995509,-0.56,-0.604106,-1.0,-0.8107,-0.221307,0.515963,0.241313,-0.478261,-0.454198,0.382979,0.876897,-0.405629,17.6
-0.995841,-0.56,-0.604106,-1.0,-0.8107,-0.216708,0.3862,0.241313,-0.478261,-0.454198,0.382979,0.960815,-0.0767108,18.5
-0.992503,-0.56,-0.604106,-1.0,-0.8107,-0.0239509,-0.340886,0.25961,-0.478261,-0.454198,0.382979,0.96611,-0.589956,24.3
-0.995723,-0.56,-0.604106,-1.0,-0.8107,0.0212684,0.571576,0.25961,-0.478261,-0.454198,0.382979,0.895305,-0.53532,20.5
-0.996447,-0.56,-0.604106,-1.0,-0.8107,0.100594,-0.0484037,0.217961,-0.478261,-0.454198,0.382979,0.888093,-0.570088,24.5
-0.995855,-0.56,-0.604106,-1.0,-0.8107,0.20981,-0.699279,0.217961,-0.478261,-0.454198,0.382979,0.984064,-0.733444,26.2
-0.996988,-0.56,-0.604106,-1.0,-0.8107,0.121288,-0.791967,0.139794,-0.478261,-0.454198,0.382979,0.996873,-0.769868,24.4
-0.995329,-0.56,-0.604106,-1.0,-0.8107,0.10251,-0.876416,0.139794,-0.478261,-0.454198,0.382979,0.899995,-0.897351,24.8
-0.998294,-0.56,-0.604106,-1.0,-0.8107,0.301399,-0.91967,0.414417,-0.478261,-0.454198,0.382979,0.945484,-0.900662,29.6
-0.991848,-0.56,-0.604106,-1.0,-0.8107,0.800345,-0.886715,0.414417,-0.478261,-0.454198,0.382979,1.0,-0.90011,42.8
-0.999059,0.6,-0.766862,-1.0,-0.971193,-0.0239509,-0.400618,0.471451,-1.0,-0.51145,-0.191489,0.979777,-0.732892,21.9
-0.999344,0.6,-0.766862,-1.0,-0.971193,-0.112857,-0.666323,0.471451,-1.0,-0.51145,-0.191489,0.991326,-0.584989,20.9
-0.999796,0.8,-0.758798,-1.0,-0.962963,0.491857,-0.355304,-0.0530968,-0.826087,-0.782443,-0.297872,0.946745,-0.923841,44.0
-0.986395,-0.6,-0.742669,-1.0,0.0781893,0.970876,0.730175,-0.877893,-0.652174,-0.706107,-0.914894,0.96369,-0.812914,50.0
-0.985227,-0.6,-0.742669,-1.0,0.0781893,0.445488,1.0,-0.86087,-0.652174,-0.706107,-0.914894,0.931363,-0.665563,36.0
-0.985381,-0.6,-0.742669,-1.0,0.0781893,0.257329,1.0,-0.839755,-0.652174,-0.706107,-0.914894,0.974936,-0.71468,30.1
-0.988001,-0.6,-0.742669,-1.0,0.0781893,0.39567,0.625129,-0.821313,-0.652174,-0.706107,-0.914894,0.979323,-0.566225,33.8
-0.988135,-0.6,-0.742669,-1.0,0.0781893,0.517149,0.781668,-0.816275,-0.652174,-0.706107,-0.914894,0.956982,-0.694812,43.1
-0.98845,-0.6,-0.742669,-1.0,0.0781893,0.853612,0.824923,-0.789232,-0.652174,-0.706107,-0.914894,0.949367,-0.769316,48.8
-0.981591,-0.6,-0.742669,-1.0,0.0781893,0.443188,0.886715,-0.82737,-0.652174,-0.706107,-0.914894,0.98245,-0.474614,31.0
-0.987777,-0.6,-0.742669,-1.0,0.0781893,0.396819,0.826982,-0.854414,-0.652174,-0.706107,-0.914894,0.954562,-0.648455,36.5
-0.983021,-0.6,-0.742669,-1.0,0.0781893,-0.233953,0.23378,-0.844156,-0.652174,-0.706107,-0.914894,0.977306,-0.518764,22.8
-0.98248,-0.6,-0.742669,-1.0,0.0781893,0.323242,0.682801,-0.81753,-0.652174,-0.706107,-0.914894,0.935297,-0.279249,30.7
-0.987141,-0.6,-0.742669,-1.0,-0.218107,0.814907,0.320288,-0.765025,-0.652174,-0.706107,-0.914894,0.937667,-0.684879,50.0
-0.987992,-0.6,-0.742669,-1.0,-0.218107,0.497988,0.0236869,-0.683111,-0.652174,-0.706107,-0.914894,0.966715,-0.921082,43.5
-0.998104,-0.6,-0.52346,1.0,-0.674897,-0.0959954,0.207003,-0.492966,-0.826087,-0.862595,0.276596,0.97196,-0.342163,20.7
-0.993417,-0.6,-0.52346,-1.0,-0.674897,-0.120521,-0.192585,-0.39994,-0.826087,-0.862595,0.276596,0.958394,-0.378035,21.1
-0.996498,-0.6,-0.52346,-1.0,-0.674897,0.0266335,-0.723996,-0.39994,-0.826087,-0.862595,0.276596,1.0,-0.731788,25.2
-0.997566,-0.6,-0.52346,-1.0,-0.674897,0.140832,0.149331,-0.492966,-0.826087,-0.862595,0.276596,0.990216,-0.668874,24.4
-0.995154,-0.6,-0.52346,1.0,-0.674897,0.582679,0.00720906,-0.411307,-0.826087,-0.862595,0.276596,0.969086,-0.73234,35.2
-0.998873,-0.2,-0.563783,1.0,-0.744856,0.225139,-0.38208,-0.463849,-0.73913,-0.744275,0.0638298,1.0,-0.900662,32.4
-0.997983,-0.2,-0.563783,-1.0,-0.744856,0.261928,-0.178167,-0.429348,-0.73913,-0.744275,0.0638298,1.0,-0.931015,32.0
-0.997789,-0.2,-0.563783,1.0,-0.744856,0.420195,-0.0504634,-0.334794,-0.73913,-0.744275,0.0638298,0.96142,-0.761589,33.2
-0.998765,-0.2,-0.563783,1.0,-0.744856,0.251198,-0.491246,-0.321045,-0.73913,-0.744275,0.0638298,0.982601,-0.865894,33.1
-0.998349,-0.2,-0.563783,-1.0,-0.744856,0.119372,-0.398558,-0.452446,-0.73913,-0.744275,0.0638298,1.0,-0.698675,29.1
-0.995413,-0.6,-0.789589,-1.0,-0.761728,0.245833,-0.396498,-0.459648,-0.652174,-0.889313,-0.510638,1.0,-0.827815,35.1
-0.999338,-0.6,-0.789589,-1.0,-0.761728,0.632113,0.268795,-0.351617,-0.652174,-0.889313,-0.510638,0.951636,-0.887969,45.4
-0.999309,-0.6,-0.789589,-1.0,-0.761728,0.305614,-0.293512,-0.251589,-0.652174,-0.889313,-0.510638,0.976449,-0.842163,35.4
-0.998764,-0.6,-0.789589,1.0,-0.761728,0.565051,-0.0360453,-0.257554,-0.652174,-0.889313,-0.510638,0.899995,-0.92936,46.0
-0.999805,0.8,-0.945015,1.0,-0.934156,0.671585,-0.548919,-0.135138,-1.0,-0.958015,-0.787234,0.99304,-0.921082,50.0
-0.999938,0.8,-0.815982,-1.0,-0.938272,0.3516,-0.631308,0.123535,-1.0,-0.625954,-0.425532,0.989006,-0.662252,32.2
-0.999896,0.1,-0.868768,-1.0,-0.983539,0.108258,-0.402678,0.123535,-1.0,-0.568702,-0.425532,0.989006,-0.64128,22.0
-0.9997,0.6,-0.904692,-1.0,-1.0,0.0228013,-0.410917,0.447608,-1.0,-0.793893,0.191489,0.721116,-0.381898,20.1
-0.999272,0.05,-0.643695,-1.0,-0.917695,0.0147538,-0.415036,0.125335,-0.565217,-0.59542,-0.148936,1.0,-0.701435,23.2
-0.99911,0.05,-0.643695,-1.0,-0.917695,0.0553746,-0.120494,0.125335,-0.565217,-0.59542,-0.148936,1.0,-0.676049,22.3
-0.999176,0.05,-0.643695,-1.0,-0.917695,0.151178,-0.588054,0.125335,-0.565217,-0.59542,-0.148936,0.873014,-0.57064,24.8
-0.999355,0.6,-0.670821,-1.0,-0.893004,0.26461,-0.485067,-0.274868,-0.73913,-0.778626,0.404255,1.0,-0.9117,28.5
-0.998369,0.6,-0.670821,-1.0,-0.893004,0.374593,-0.489186,-0.274868,-0.73913,-0.778626,0.404255,1.0,-0.899007,37.3
-0.999329,0.6,-0.670821,-1.0,-0.893004,0.176087,-0.577755,-0.274868,-0.73913,-0.778626,0.404255,1.0,-0.836093,27.9
-0.998284,-1.0,-0.0131965,-1.0,-0.786008,-0.0166699,-0.680742,-0.204667,-0.73913,-0.610687,-0.276596,1.0,-0.621965,23.9
-0.998299,-1.0,-0.0131965,-1.0,-0.786008,-0.0618893,-0.188465,-0.204667,-0.73913,-0.610687,-0.276596,1.0,-0.521523,21.7
-0.997235,-1.0,-0.0131965,-1.0,-0.786008,0.194482,-0.419156,-0.121425,-0.73913,-0.610687,-0.276596,1.0,-0.749448,28.6
-0.998934,-1.0,-0.0131965,-1.0,-0.786008,0.145047,-0.0092688,-0.121425,-0.73913,-0.610687,-0.276596,0.979575,-0.687638,27.1
-0.996972,-1.0,-0.0131965,-1.0,-0.786008,-0.145813,0.134912,-0.0560249,-0.73913,-0.610687,-0.276596,1.0,-0.221302,20.3
-0.998689,0.4,-0.869501,-1.0,-0.938272,0.066871,-0.645726,0.218198,-0.652174,-0.347328,-0.531915,0.855464,-0.821192,22.5
-0.998892,0.4,-0.869501,-1.0,-0.938272,0.333589,-0.853759,0.218198,-0.652174,-0.347328,-0.531915,0.872308,-0.833885,29.0
-0.999149,0.4,-0.869501,-1.0,-0.938272,0.268442,-0.0834192,0.218198,-0.652174,-0.347328,-0.531915,0.96954,-0.760486,24.8
-0.999347,-0.32,-0.587243,-1.0,-0.802469,0.160759,-0.2276,-0.206667,-0.478261,-0.458015,-0.255319,0.9942,-0.571192,22.0
-0.998059,-0.32,-0.587243,-1.0,-0.802469,0.124353,-0.680742,-0.206667,-0.478261,-0.458015,-0.255319,0.932977,-0.616998,26.4
-0.997894,-0.32,-0.587243,-1.0,-0.802469,0.310979,-0.69516,-0.206667,-0.478261,-0.458015,-0.255319,0.967371,-0.827263,33.1
-0.998902,-0.34,-0.8739,-1.0,-0.641975,0.408316,-0.213182,-0.473961,-0.478261,-0.866412,0.234043,0.983761,-0.713024,36.1
-0.99891,-0.34,-0.8739,-1.0,-0.641975,0.170722,0.136972,-0.59254,-0.478261,-0.866412,0.234043,0.982147,-0.602649,28.4
-0.998455,-0.34,-0.8739,-1.0,-0.641975,0.478827,0.421215,-0.64179,-0.478261,-0.866412,0.234043,1.0,-0.738411,33.4
-0.999033,-0.34,-0.8739,-1.0,-0.641975,0.260011,0.38826,-0.626604,-0.478261,-0.866412,0.234043,1.0,-0.679912,28.2
-0.98906,-1.0,-0.307918,-1.0,-0.345679,0.178003,0.639547,-0.602088,-0.73913,-0.553435,0.234043,1.0,-0.844923,22.8
-0.992288,-1.0,-0.307918,-1.0,-0.345679,-0.0760682,0.520082,-0.64119,-0.73913,-0.553435,0.234043,0.996672,-0.545254,20.3
-0.940898,-1.0,-0.307918,-1.0,-0.345679,-0.4589,-0.281153,-0.747238,-0.73913,-0.553435,0.234043,0.765747,-0.397903,16.1
-0.982374,-1.0,-0.307918,-1.0,-0.345679,-0.0185859,0.0278064,-0.72525,-0.73913,-0.553435,0.234043,1.0,-0.765453,22.1
-0.994259,-1.0,-0.307918,-1.0,-0.345679,-0.0565242,0.802266,-0.690022,-0.73913,-0.553435,0.234043,0.996974,-0.448675,19.4
-0.994087,-1.0,-0.307918,-1.0,-0.345679,0.036597,0.645726,-0.612036,-0.73913,-0.553435,0.234043,0.982299,-0.659492,21.6
-0.991843,-1.0,-0.307918,-1.0,-0.345679,0.151945,0.738414,-0.550291,-0.73913,-0.553435,0.234043,0.993898,-0.583333,23.8
-0.994442,-1.0,-0.307918,-1.0,-0.345679,-0.178387,0.54068,-0.487965,-0.73913,-0.553435,0.234043,0.997579,-0.460817,16.2
-0.992988,-1.0,-0.307918,-1.0,-0.345679,-0.0982947,0.653965,-0.478217,-0.73913,-0.553435,0.234043,0.968733,-0.0838852,17.8
-0.99463,-1.0,-0.307918,-1.0,-0.345679,-0.148879,0.417096,-0.472197,-0.73913,-0.553435,0.234043,1.0,-0.215784,19.8
-0.991105,-1.0,-0.307918,-1.0,-0.345679,0.08105,0.324408,-0.562986,-0.73913,-0.553435,0.234043,0.991477,-0.523731,23.1
-0.989454,-1.0,-0.307918,-1.0,-0.345679,-0.0220349,0.15139,-0.477616,-0.73913,-0.553435,0.234043,0.996621,-0.392936,21.0
-0.996375,-1.0,-0.492669,-1.0,-0.555556,0.0979115,0.0175077,-0.37968,-0.652174,-0.618321,0.489362,1.0,-0.698124,23.8
-0.99606,-1.0,-0.492669,-1.0,-0.555556,0.0787507,0.0587024,-0.37968,-0.652174,-0.618321,0.489362,1.0,-0.716336,23.1
-0.992249,-1.0,-0.492669,-1.0,-0.555556,-0.0496264,-0.0319258,-0.346816,-0.652174,-0.618321,0.489362,1.0,-0.67053,20.4
-0.99376,-1.0,-0.492669,-1.0,-0.555556,-0.177237,0.470649,-0.346816,-0.652174,-0.618321,0.489362,0.970901,-0.447572,18.5
-0.992475,-1.0,-0.492669,-1.0,-0.555556,0.0936961,-0.23378,-0.346816,-0.652174,-0.618321,0.489362,1.0,-0.757726,25.0
-0.995829,-1.0,-0.492669,-1.0,-0.555556,0.0998276,-0.756952,-0.220453,-0.652174,-0.618321,0.489362,0.983761,-0.815121,24.6
-0.99332,-1.0,-0.492669,-1.0,-0.555556,0.0542249,-0.46447,-0.220453,-0.652174,-0.618321,0.489362,1.0,-0.756071,23.0
-0.994724,-1.0,-0.492669,-1.0,-0.555556,-0.0335313,-0.159629,-0.220453,-0.652174,-0.618321,0.489362,1.0,-0.389625,22.2
-0.998655,-1.0,-0.796188,-1.0,-0.691358,-0.115923,-0.528321,-0.257063,-0.73913,-0.0725191,-0.0851064,0.927077,-0.545254,19.3
-0.998631,-1.0,-0.796188,-1.0,-0.691358,0.0622725,-0.705458,-0.257063,-0.73913,-0.0725191,-0.0851064,0.890615,-0.690397,22.6
-0.999121,-1.0,-0.796188,-1.0,-0.691358,-0.0101552,-0.396498,-0.137211,-0.73913,-0.0725191,-0.0851064,0.857128,-0.593819,19.8
-0.999013,-0.3,-0.589443,-1.0,-0.782305,-0.178003,-0.474768,0.00230065,-1.0,-0.553435,-0.0851064,0.985476,-0.409492,17.1
-0.999363,-0.3,-0.589443,-1.0,-0.782305,-0.0534585,-0.579815,0.00230065,-1.0,-0.553435,-0.0851064,0.825256,-0.663355,19.4
-0.998999,-1.0,-0.653226,-1.0,-0.465021,0.0557578,-0.274974,-0.0308541,-0.652174,-0.858779,0.617021,0.96374,-0.782009,22.2
-0.999302,-1.0,-0.653226,-1.0,-0.465021,0.0534585,-0.266735,-0.0308541,-0.652174,-0.858779,0.617021,0.962177,-0.722958,20.7
-0.999252,-1.0,-0.653226,-1.0,-0.465021,-0.0511592,-0.349125,-0.116897,-0.652174,-0.858779,0.617021,1.0,-0.653422,21.1
-0.999372,-1.0,-0.653226,-1.0,-0.465021,-0.115539,-0.106076,-0.254063,-0.652174,-0.858779,0.617021,1.0,-0.554636,19.5
-0.999458,-1.0,-0.653226,-1.0,-0.465021,-0.105576,0.167868,-0.184243,-0.652174,-0.858779,0.617021,0.98946,-0.512693,18.5
-0.999399,-1.0,-0.653226,-1.0,-0.465021,-0.0427285,-0.291452,-0.330248,-0.652174,-0.858779,0.617021,0.996167,-0.625828,20.6
-0.998906,-1.0,-0.653226,-1.0,-0.465021,-0.0710864,-0.124614,-0.330248,-0.652174,-0.858779,0.617021,1.0,-0.557947,19.0
-0.998759,-1.0,-0.653226,-1.0,-0.465021,-0.0776011,0.145211,-0.330248,-0.652174,-0.858779,0.617021,1.0,-0.582781,18.7
-0.99985,-0.3,-0.922287,-1.0,-0.765432,0.410232,-0.0442842,0.0745392,-1.0,-0.629771,-0.382979,0.989107,-0.792494,32.7
-0.999581,-1.0,-0.895161,-1.0,-0.452675,0.141598,0.169928,-0.0656821,-1.0,-0.103053,-0.297872,0.965001,-0.618102,16.5
-0.99957,0.1,-0.756598,-1.0,-0.592593,0.20138,0.101957,-0.162946,-0.652174,-0.301527,0.0638298,1.0,-0.699227,23.9
-0.999457,0.1,-0.756598,-1.0,-0.592593,0.269592,-0.480947,-0.0295811,-0.652174,-0.301527,0.0638298,0.954965,-0.84106,31.2
-0.999442,-1.0,-0.711877,-1.0,-0.765432,-0.0599732,-0.0607621,0.251989,-0.826087,-0.370229,0.319149,0.943214,-0.514349,17.5
-0.998757,-1.0,-0.711877,-1.0,-0.765432,-0.104426,0.0175077,0.251989,-0.826087,-0.370229,0.319149,0.837158,-0.396247,17.2
-0.999722,0.7,-0.729472,-1.0,-0.81893,0.132401,-0.489186,0.34687,-0.73913,-0.374046,0.12766,0.977457,-0.744481,23.1
-0.999805,0.6,-0.886364,-1.0,-0.794239,0.178003,-0.447992,0.312079,-0.73913,-0.645038,-0.0638298,0.969943,-0.764901,24.5
-0.99949,-0.2,-0.942082,-1.0,-0.81893,0.294501,-0.349125,0.393575,-1.0,-0.435115,0.510638,0.964446,-0.770419,26.6
-0.998746,-0.2,-0.942082,-1.0,-0.81893,0.122437,-0.145211,0.393575,-1.0,-0.435115,0.510638,1.0,-0.765453,22.9
-0.998355,0.2,-0.909824,-1.0,-0.893004,0.156543,-0.320288,0.742437,-0.73913,-0.145038,0.212766,0.868274,-0.792494,24.1
-0.998514,0.2,-0.909824,-1.0,-0.893004,-0.109791,-0.678682,0.742437,-0.73913,-0.145038,0.212766,0.976953,-0.665563,18.6
-0.999758,0.8,-0.88563,-1.0,-0.897119,0.213642,-0.316169,1.0,-0.652174,-1.0,-0.0638298,0.937264,-0.84713,30.1
-0.999175,0.6,-0.893695,-1.0,-0.884774,-0.194482,-0.608651,0.719776,-0.73913,-0.438931,1.0,0.928892,-0.651214,18.2
-0.997746,0.6,-0.893695,-1.0,-0.884774,-0.089864,-0.658084,0.719776,-0.73913,-0.438931,1.0,0.894801,-0.788079,20.6
-0.798209,-1.0,0.293255,1.0,0.584362,0.0159034,0.946447,-0.819476,1.0,0.828244,0.617021,0.903323,-0.124172,17.8
-0.913603,-1.0,0.293255,1.0,0.584362,0.0860318,0.814624,-0.74982,1.0,0.828244,0.617021,0.97196,-0.363135,21.7
-0.883209,-1.0,0.293255,1.0,0.584362,-0.0166699,0.658084,-0.710264,1.0,0.828244,0.617021,0.992587,-0.461921,22.7
-0.90435,-1.0,0.293255,-1.0,0.584362,-0.0224181,0.61483,-0.749111,1.0,0.828244,0.617021,0.968934,-0.396247,22.6
-0.898042,-1.0,0.293255,-1.0,0.584362,0.0871815,0.752832,-0.747456,1.0,0.828244,0.617021,0.887337,-0.665563,25.0
-0.913892,-1.0,0.293255,-1.0,0.584362,0.0308488,0.816684,-0.787958,1.0,0.828244,0.617021,0.766756,-0.312362,19.9
-0.917457,-1.0,0.293255,-1.0,0.584362,-0.309829,0.92173,-0.822859,1.0,0.828244,0.617021,0.918755,-0.533113,20.8
-0.905225,-1.0,0.293255,1.0,0.584362,-0.140832,0.773429,-0.859033,1.0,0.828244,0.617021,0.778809,-0.287528,16.8
-0.922042,-1.0,0.293255,1.0,0.37037,1.0,0.647786,-0.859033,1.0,0.828244,0.617021,0.786424,-0.803532,21.9
-0.897728,-1.0,0.293255,-1.0,0.37037,-1.0,0.750772,-0.912048,1.0,0.828244,0.617021,0.78718,-0.702539,27.5
-0.917036,-1.0,0.293255,-1.0,0.37037,-0.462732,0.822863,-0.88675,1.0,0.828244,0.617021,0.592163,-0.322848,21.9
-0.69617,-1.0,0.293255,-1.0,0.0123457,-0.884269,1.0,-0.930708,1.0,0.828244,0.617021,-0.338847,-0.359823,23.1
-0.890032,-1.0,0.293255,-1.0,0.0123457,-0.46005,1.0,-0.963099,1.0,0.828244,0.617021,0.892178,-0.915563,50.0
-0.872684,-1.0,0.293255,1.0,0.0123457,0.196398,0.934089,-0.958697,1.0,0.828244,0.617021,0.89122,-0.889625,50.0
-0.853154,-1.0,0.293255,1.0,0.0123457,0.324008,0.948507,-0.98676,1.0,0.828244,0.617021,0.975541,-0.932119,50.0
-0.792604,-1.0,0.293255,-1.0,0.0123457,0.0174363,1.0,-0.992816,1.0,0.828244,0.617021,0.844924,-0.569536,50.0
-0.814298,-1.0,0.293255,1.0,0.164609,-0.11324,0.785788,-1.0,1.0,0.828244,0.617021,0.752786,-0.605408,50.0
-0.750437,-1.0,0.293255,-1.0,0.164609,-0.484576,1.0,-0.991889,1.0,0.828244,0.617021,1.0,0.8234,13.8
-0.584311,-1.0,0.293255,-1.0,0.164609,-0.778885,1.0,-0.998654,1.0,0.828244,0.617021,1.0,1.0,13.8
-0.559339,-1.0,0.293255,-1.0,0.176955,0.437823,0.956746,-0.966045,1.0,0.828244,0.617021,1.0,-0.353753,15.0
-0.656475,-1.0,0.293255,-1.0,0.176955,0.183368,0.861998,-0.960844,1.0,0.828244,0.617021,0.829139,0.187086,13.9
-0.779315,-1.0,0.293255,-1.0,0.176955,0.238935,0.975283,-0.958461,1.0,0.828244,0.617021,1.0,0.0767108,13.3
-0.468542,-1.0,0.293255,-1.0,0.176955,0.0802836,0.92173,-0.95335,1.0,0.828244,0.617021,1.0,0.211921,13.1
-0.598507,-1.0,0.293255,-1.0,0.176955,0.0201188,1.0,-0.95335,1.0,0.828244,0.617021,0.984064,0.106512,10.2
1.0,-1.0,0.293255,-1.0,0.176955,0.305614,0.833162,-0.947822,1.0,0.828244,0.617021,1.0,-0.145695,10.4
-0.643293,-1.0,0.293255,-1.0,0.176955,0.143514,0.981462,-0.929144,1.0,0.828244,0.617021,1.0,0.0678808,10.9
-0.793622,-1.0,0.293255,-1.0,0.296296,-0.24315,1.0,-0.918013,1.0,0.828244,0.617021,1.0,0.206954,11.3
-0.820475,-1.0,0.293255,-1.0,0.296296,-0.249281,1.0,-0.926616,1.0,0.828244,0.617021,1.0,0.259934,12.3
-0.548643,-1.0,0.293255,-1.0,0.296296,-0.690745,0.818744,-0.943639,1.0,0.828244,0.617021,0.439861,0.594923,8.8
-0.622221,-1.0,0.293255,-1.0,0.296296,-0.342403,0.960865,-0.946076,1.0,0.828244,0.617021,1.0,0.604857,7.2
-0.451781,-1.0,0.293255,-1.0,0.296296,-0.581912,1.0,-0.938601,1.0,0.828244,0.617021,1.0,0.465232,10.5
-0.49217,-1.0,0.293255,-1.0,0.296296,-0.448553,0.783728,-0.929289,1.0,0.828244,0.617021,1.0,0.669978,7.4
-0.677927,-1.0,0.293255,-1.0,0.296296,-0.494539,1.0,-0.916358,1.0,0.828244,0.617021,0.879066,0.594371,10.2
-0.816895,-1.0,0.293255,-1.0,0.296296,-0.299099,0.977343,-0.891151,1.0,0.828244,0.617021,1.0,0.0551876,11.5
-0.843636,-1.0,0.293255,-1.0,0.296296,-0.175321,0.938208,-0.855068,1.0,0.828244,0.617021,0.987543,-0.151214,15.1
-0.881157,-1.0,0.293255,-1.0,0.296296,-0.0457942,0.639547,-0.811183,1.0,0.828244,0.617021,0.906601,-0.0601545,23.2
-0.739876,-1.0,0.293255,-1.0,0.296296,-0.434758,0.938208,-0.883531,1.0,0.828244,0.617021,1.0,0.321744,9.7
-0.805812,-1.0,0.293255,-1.0,0.26749,0.00862234,0.84758,-0.879675,1.0,0.828244,0.617021,1.0,-0.258278,13.8
-0.69982,-1.0,0.293255,-1.0,0.26749,-0.108642,0.890834,-0.88133,1.0,0.828244,0.617021,1.0,-0.193157,12.7
-0.804194,-1.0,0.293255,-1.0,0.26749,0.115156,0.975283,-0.891588,1.0,0.828244,0.617021,0.975188,-0.150662,13.1
-0.868141,-1.0,0.293255,-1.0,0.26749,0.089864,0.917611,-0.900481,1.0,0.828244,0.617021,1.0,-0.0264901,12.5
-0.827679,-1.0,0.293255,-1.0,0.26749,-0.162292,0.977343,-0.908374,1.0,0.828244,0.617021,0.980836,0.00386313,8.5
-0.138012,-1.0,0.293255,-1.0,0.26749,-0.274957,1.0,-0.934527,1.0,0.828244,0.617021,1.0,0.592715,5.0
-0.777223,-1.0,0.293255,-1.0,0.26749,-0.122054,0.542739,-0.932563,1.0,0.828244,0.617021,0.703767,0.558499,6.3
-0.437118,-1.0,0.293255,-1.0,0.26749,-0.07032,1.0,-0.916486,1.0,0.828244,0.617021,1.0,0.381898,5.6
-0.680119,-1.0,0.293255,-1.0,0.26749,0.0661046,1.0,-0.919159,1.0,0.828244,0.617021,1.0,0.0259382,7.2
-0.784435,-1.0,0.293255,-1.0,0.26749,0.0894807,1.0,-0.907356,1.0,0.828244,0.617021,0.895154,0.0253863,12.1
-0.442612,-1.0,0.293255,-1.0,0.26749,-0.314811,0.917611,-0.895752,1.0,0.828244,0.617021,1.0,-0.00441501,8.3
-0.0665857,-1.0,0.293255,-1.0,0.26749,-0.245066,0.699279,-0.913103,1.0,0.828244,0.617021,0.659892,0.415563,8.5
0.526685,-1.0,0.293255,-1.0,0.26749,-0.186817,1.0,-0.946203,1.0,0.828244,0.617021,0.939836,0.172737,5.0
-0.534452,-1.0,0.293255,-1.0,0.127572,-0.778885,1.0,-0.991179,1.0,0.828244,0.617021,0.86545,0.192605,11.9
-0.731487,-1.0,0.293255,-1.0,0.127572,-0.215559,1.0,-0.971701,1.0,0.828244,0.617021,0.673155,-0.426049,27.9
-0.833706,-1.0,0.293255,-1.0,-0.127572,-0.21211,0.956746,-0.940874,1.0,0.828244,0.617021,0.585153,0.361479,17.2
-0.675576,-1.0,0.293255,-1.0,-0.127572,0.261161,1.0,-0.93891,1.0,0.828244,0.617021,-0.09708,-0.00386313,27.5
0.149366,-1.0,0.293255,-1.0,-0.127572,-0.158459,1.0,-0.948458,1.0,0.828244,0.617021,-0.988502,-0.537528,15.0
-0.684289,-1.0,0.293255,-1.0,-0.127572,0.186434,1.0,-0.927634,1.0,0.828244,0.617021,-0.824852,0.0756071,17.2
-0.57728,-1.0,0.293255,-1.0,-0.127572,-0.591109,1.0,-0.922833,1.0,0.828244,0.617021,-0.856422,0.801325,17.9
-0.355974,-1.0,0.293255,-1.0,-0.127572,-0.389155,1.0,-0.916376,1.0,0.828244,0.617021,0.0623329,0.0126932,16.3
0.0282082,-1.0,0.293255,-1.0,0.26749,-0.63288,1.0,-0.903864,1.0,0.828244,0.617021,-0.556458,0.945364,7.0
-0.593609,-1.0,0.293255,-1.0,0.209877,0.100977,1.0,-0.871764,1.0,0.828244,0.617021,-0.864189,0.507726,7.2
-0.756594,-1.0,0.293255,-1.0,0.209877,0.234336,0.810505,-0.874528,1.0,0.828244,0.617021,-0.892834,0.327815,7.5
-0.41701,-1.0,0.293255,-1.0,0.209877,-0.332056,0.775489,-0.90581,1.0,0.828244,0.617021,-0.359322,0.374724,10.4
0.652869,-1.0,0.293255,-1.0,0.209877,-0.0818164,1.0,-0.877602,1.0,0.828244,0.617021,-0.918654,0.0424945,8.8
-0.734607,-1.0,0.293255,-1.0,0.37037,0.250431,0.515963,-0.879166,1.0,0.828244,0.617021,-0.757275,0.159492,8.4
-0.750903,-1.0,0.293255,-1.0,0.37037,0.0921632,1.0,-0.867363,1.0,0.828244,0.617021,0.60588,-0.266556,16.7
-0.842278,-1.0,0.293255,-1.0,0.37037,-0.0630389,0.903193,-0.864507,1.0,0.828244,0.617021,0.612083,-0.229029,14.2
-0.729304,-1.0,0.293255,-1.0,-0.0576132,-0.20023,0.744593,-0.850576,1.0,0.828244,0.617021,0.468707,-0.317329,20.8
-0.841652,-1.0,0.293255,-1.0,-0.0576132,-0.025867,0.6931,-0.837736,1.0,0.828244,0.617021,-0.988905,0.189845,13.4
-0.802499,-1.0,0.293255,-1.0,-0.18107,-0.232037,0.394439,-0.830152,1.0,0.828244,0.617021,-0.983206,-0.148455,11.7
-0.64361,-1.0,0.293255,-1.0,0.209877,-0.105193,0.905252,-0.858142,1.0,0.828244,0.617021,-0.962883,0.250552,8.3
-0.724831,-1.0,0.293255,-1.0,-0.18107,-0.127802,0.169928,-0.842137,1.0,0.828244,0.617021,-0.877301,-0.229581,10.2
-0.153521,-1.0,0.293255,-1.0,0.209877,0.0120713,0.561277,-0.866635,1.0,0.828244,0.617021,-0.906702,-0.29415,10.9
-0.834533,-1.0,0.293255,-1.0,0.209877,0.00862234,0.548919,-0.853413,1.0,0.828244,0.617021,-0.513793,0.0921634,11.0
-0.790208,-1.0,0.293255,-1.0,0.209877,0.0802836,0.909372,-0.847484,1.0,0.828244,0.617021,-0.695396,0.233444,9.5
-0.809243,-1.0,0.293255,-1.0,-0.18107,0.0680207,0.713697,-0.832116,1.0,0.828244,0.617021,-0.580766,-0.121965,14.5
-0.773946,-1.0,0.293255,-1.0,-0.18107,0.25388,0.882595,-0.82566,1.0,0.828244,0.617021,-0.591457,-0.00883002,14.1
-0.855283,-1.0,0.293255,-1.0,-0.18107,0.0975283,0.480947,-0.805254,1.0,0.828244,0.617021,-0.50764,-0.431567,16.1
-0.874682,-1.0,0.293255,-1.0,0.349794,0.101744,0.750772,-0.784266,1.0,0.828244,0.617021,-0.496344,-0.200331,14.3
-0.687376,-1.0,0.293255,-1.0,0.349794,0.0143706,0.897013,-0.801289,1.0,0.828244,0.617021,-0.494125,-0.258278,11.7
-0.749262,-1.0,0.293255,-1.0,0.460905,0.175704,0.888774,-0.819022,1.0,0.828244,0.617021,-0.447627,0.188742,13.4
-0.675969,-1.0,0.293255,-1.0,0.460905,0.111324,0.861998,-0.841228,1.0,0.828244,0.617021,-0.862978,-0.0993377,9.6
-0.658966,-1.0,0.293255,-1.0,0.460905,-0.00708948,1.0,-0.857305,1.0,0.828244,0.617021,-0.954612,0.364238,8.7
-0.692665,-1.0,0.293255,-1.0,0.460905,-0.0902472,0.750772,-0.874328,1.0,0.828244,0.617021,-0.653891,0.782009,8.4
-0.789045,-1.0,0.293255,-1.0,0.460905,-0.208277,0.874356,-0.874947,1.0,0.828244,0.617021,1.0,0.167219,12.8
-0.504444,-1.0,0.293255,-1.0,0.460905,-0.135083,0.84346,-0.866035,1.0,0.828244,0.617021,0.972515,0.124724,10.5
-0.781547,-1.0,0.293255,-1.0,0.460905,0.0902472,0.942327,-0.829861,1.0,0.828244,0.617021,0.944828,-0.0182119,17.1
-0.872765,-1.0,0.293255,-1.0,0.460905,0.0185859,1.0,-0.840828,1.0,0.828244,0.617021,0.993898,-0.179912,18.4
-0.776099,-1.0,0.293255,-1.0,0.460905,0.120521,1.0,-0.845629,1.0,0.828244,0.617021,0.948711,-0.0551876,15.4
-0.712353,-1.0,0.293255,-1.0,0.460905,-0.121288,0.929969,-0.860688,1.0,0.828244,0.617021,0.211357,0.217439,10.8
-0.760245,-1.0,0.293255,-1.0,0.460905,0.110558,0.892894,-0.843901,1.0,0.828244,0.617021,-0.784457,0.227925,11.8
-0.858789,-1.0,0.293255,-1.0,0.460905,0.0653382,0.92585,-0.828606,1.0,0.828244,0.617021,0.602148,-0.113687,14.9
-0.777036,-1.0,0.293255,-1.0,0.460905,0.0308488,0.929969,-0.805691,1.0,0.828244,0.617021,0.957739,-0.18819,12.6
-0.790429,-1.0,0.293255,-1.0,0.349794,0.00555662,0.973223,-0.794124,1.0,0.828244,0.617021,1.0,-0.0949227,14.1
-0.830961,-1.0,0.293255,-1.0,0.349794,0.0944625,0.964985,-0.808055,1.0,0.828244,0.617021,0.532553,-0.0298013,13.0
-0.849131,-1.0,0.293255,-1.0,0.349794,0.22169,0.84758,-0.782848,1.0,0.828244,0.617021,-1.0,-0.133002,13.4
-0.877828,-1.0,0.293255,-1.0,0.349794,0.185668,0.962925,-0.777101,1.0,0.828244,0.617021,0.790156,-0.116998,15.2
-0.885718,-1.0,0.293255,-1.0,0.349794,0.0484767,0.831102,-0.774737,1.0,0.828244,0.617021,0.940441,-0.142384,16.1
-0.814729,-1.0,0.293255,-1.0,0.349794,0.468481,0.985582,-0.759369,1.0,0.828244,0.617021,0.893943,-0.171634,17.8
-0.78628,-1.0,0.293255,-1.0,0.349794,0.213642,0.878476,-0.751475,1.0,0.828244,0.617021,-0.967926,-0.0629139,14.9
-0.893311,-1.0,0.293255,-1.0,0.349794,0.13585,0.721936,-0.762442,1.0,0.828244,0.617021,-0.744818,-0.0949227,14.1
-0.895189,-1.0,0.293255,-1.0,0.349794,-0.0745354,0.750772,-0.736107,1.0,0.828244,0.617021,-0.948762,-0.0463576,12.7
-0.815797,-1.0,0.293255,-1.0,0.349794,-0.089864,0.594233,-0.699988,1.0,0.828244,0.617021,-0.983963,-0.160596,13.5
-0.825876,-1.0,0.293255,-1.0,0.349794,0.0500096,0.664264,-0.699279,1.0,0.828244,0.617021,0.371174,-0.199779,14.9
-0.847255,-1.0,0.293255,-1.0,0.349794,-0.0342978,0.678682,-0.71121,1.0,0.828244,0.617021,1.0,-0.284216,20.0
-0.891968,-1.0,0.293255,-1.0,0.349794,0.203296,0.794027,-0.733034,1.0,0.828244,0.617021,0.285541,-0.189294,16.4
-0.917123,-1.0,0.293255,-1.0,0.349794,0.0787507,0.761071,-0.738563,1.0,0.828244,0.617021,0.972414,-0.286976,17.7
-0.850543,-1.0,0.293255,-1.0,0.349794,0.056141,0.649846,-0.708136,1.0,0.828244,0.617021,1.0,-0.3234,19.5
-0.869285,-1.0,0.293255,-1.0,0.349794,0.131251,0.791967,-0.695914,1.0,0.828244,0.617021,0.984467,-0.527594,20.2
-0.823918,-1.0,0.293255,-1.0,0.111111,0.0147538,0.287333,-0.666488,1.0,0.828244,0.617021,1.0,-0.365894,21.4
-0.929026,-1.0,0.293255,-1.0,0.111111,-0.157693,-0.0669413,-0.647737,1.0,0.828244,0.617021,0.684805,-0.315673,19.9
-0.915282,-1.0,0.293255,-1.0,0.111111,-0.0837325,0.684861,-0.683202,1.0,0.828244,0.617021,-0.890615,-0.149007,19.0
-0.900731,-1.0,0.293255,-1.0,-0.18107,-0.0641885,0.886715,-0.743437,1.0,0.828244,0.617021,0.669121,0.0811258,19.1
-0.650008,-1.0,0.293255,-1.0,-0.197531,-0.0936961,0.402678,-0.676491,1.0,0.828244,0.617021,0.857986,-0.0949227,19.1
-0.70622,-1.0,0.293255,-1.0,-0.197531,-0.175321,0.108136,-0.691895,1.0,0.828244,0.617021,1.0,-0.280905,20.1
-0.902383,-1.0,0.293255,-1.0,-0.197531,-0.00134125,0.670443,-0.653757,1.0,0.828244,0.617021,1.0,-0.196468,19.9
-0.909361,-1.0,0.293255,-1.0,-0.395062,0.0224181,0.808445,-0.641772,1.0,0.828244,0.617021,0.992082,-0.38521,19.6
-0.91992,-1.0,0.293255,-1.0,-0.197531,0.102127,0.485067,-0.678655,1.0,0.828244,0.617021,0.982198,-0.30298,23.2
-0.895682,-1.0,0.293255,-1.0,-0.0576132,0.310213,0.332647,-0.744783,1.0,0.828244,0.617021,0.887942,-0.451987,29.8
-0.819052,-1.0,0.293255,-1.0,-0.18107,-0.28492,0.905252,-0.763533,1.0,0.828244,0.617021,0.776489,-0.0943709,13.8
-0.856428,-1.0,0.293255,-1.0,-0.18107,-0.00325733,0.946447,-0.804236,1.0,0.828244,0.617021,0.525241,0.234547,13.3
-0.890635,-1.0,0.293255,-1.0,-0.0576132,0.120138,0.868177,-0.786176,1.0,0.828244,0.617021,0.99652,-0.0645695,16.7
-0.662423,-1.0,0.293255,-1.0,-0.0576132,-0.332056,0.944387,-0.823387,1.0,0.828244,0.617021,0.760855,0.279249,12.0
-0.770109,-1.0,0.293255,-1.0,-0.0576132,0.00555662,0.932029,-0.810692,1.0,0.828244,0.617021,0.913258,-0.100442,14.6
-0.677927,-1.0,0.293255,-1.0,-0.0576132,0.0224181,0.752832,-0.850576,1.0,0.828244,0.617021,0.931514,-0.371965,21.4
-0.869221,-1.0,0.293255,-1.0,-0.395062,0.0273999,0.272915,-0.582682,1.0,0.828244,0.617021,1.0,-0.502759,23.0
-0.871825,-1.0,0.293255,-1.0,-0.395062,0.222073,0.483007,-0.599505,1.0,0.828244,0.617021,0.980685,-0.668322,23.7
-0.871308,-1.0,0.293255,-1.0,-0.395062,0.341253,0.526262,-0.585156,1.0,0.828244,0.617021,0.99183,-0.708609,25.0
-0.936786,-1.0,0.293255,-1.0,-0.395062,-0.156543,-0.22966,-0.460084,1.0,0.828244,0.617021,0.979928,-0.520419,21.8
-0.946673,-1.0,0.293255,-1.0,-0.185185,-0.114773,-0.196704,-0.528158,1.0,0.828244,0.617021,0.868022,-0.359272,20.6
-0.91756,-1.0,0.293255,-1.0,-0.185185,0.0542249,0.0092688,-0.479471,1.0,0.828244,0.617021,0.958243,-0.511589,21.2
-0.872194,-1.0,0.293255,-1.0,-0.185185,-0.0216517,0.583934,-0.560549,1.0,0.828244,0.617021,0.978718,-0.268764,19.1
-0.891439,-1.0,0.293255,-1.0,-0.185185,-0.101744,0.0360453,-0.632133,1.0,0.828244,0.617021,0.956226,-0.463576,20.6
-0.996751,-1.0,1.0,-1.0,-0.0781893,-0.274574,0.84964,-0.874274,-0.73913,1.0,0.595745,0.990872,-0.0987859,15.2
-0.99602,-1.0,1.0,-1.0,-0.0781893,-0.289902,0.964985,-0.886186,-0.73913,1.0,0.595745,0.733471,0.227373,7.0
-0.995478,-1.0,1.0,-1.0,-0.0781893,-0.412914,0.958805,-0.873964,-0.73913,1.0,0.595745,0.604266,0.542494,8.1
-0.997765,-1.0,1.0,-1.0,-0.0781893,-0.0718528,0.975283,-0.865689,-0.73913,1.0,0.595745,0.965757,-0.098234,13.6
-0.99764,-1.0,1.0,-1.0,-0.0781893,-0.0718528,0.660144,-0.821713,-0.73913,1.0,0.595745,1.0,-0.35872,20.1
-0.996246,-1.0,-0.323314,-1.0,-0.176955,-0.17762,0.0525232,-0.772281,-0.565217,-0.221374,0.404255,1.0,-0.432671,21.8
-0.993857,-1.0,-0.323314,-1.0,-0.176955,-0.0936961,-0.182286,-0.772281,-0.565217,-0.221374,0.404255,1.0,-0.345475,24.5
-0.996118,-1.0,-0.323314,-1.0,-0.176955,-0.191799,-0.466529,-0.69646,-0.565217,-0.221374,0.404255,0.981794,-0.124172,23.1
-0.993632,-1.0,-0.323314,-1.0,-0.176955,-0.299099,0.441813,-0.69646,-0.565217,-0.221374,0.404255,1.0,0.0711921,19.7
-0.994109,-1.0,-0.323314,-1.0,-0.176955,-0.144281,0.394439,-0.679346,-0.565217,-0.221374,0.404255,1.0,-0.317329,18.3
-0.994767,-1.0,-0.323314,-1.0,-0.176955,-0.0580571,0.285273,-0.767298,-0.565217,-0.221374,0.404255,1.0,-0.38245,21.2
-0.996145,-1.0,-0.323314,-1.0,-0.176955,-0.230504,0.454171,-0.768971,-0.565217,-0.221374,0.404255,0.994301,-0.262141,17.5
-0.995098,-1.0,-0.323314,-1.0,-0.176955,-0.0549914,0.581874,-0.751093,-0.565217,-0.221374,0.404255,1.0,-0.304636,16.8
-0.998734,-1.0,-0.159091,-1.0,-0.226337,0.161908,0.363543,-0.754658,-1.0,-0.671756,0.787234,0.975238,-0.56181,22.4
-0.999124,-1.0,-0.159091,-1.0,-0.226337,-0.0193524,0.520082,-0.789413,-1.0,-0.671756,0.787234,1.0,-0.594371,20.6
-0.998776,-1.0,-0.159091,-1.0,-0.226337,0.30868,0.814624,-0.811238,-1.0,-0.671756,0.787234,1.0,-0.784216,23.9
-0.997679,-1.0,-0.159091,-1.0,-0.226337,0.238935,0.779609,-0.770972,-1.0,-0.671756,0.787234,0.982601,-0.737859,22.0
-0.999076,-1.0,-0.159091,-1.0,-0.226337,-0.0538417,0.604531,-0.749857,-1.0,-0.671756,0.787234,1.0,-0.660596,11.9
